index,time,link,title,summary
0,20200101,https://udndata.com/ndapp/Story?no=1&page=1&udndbid=udndata&SearchString=qL6szLenqcCq0Suk6bTBPj0yMDIwMDEwMSuk6bTBPD0yMDIwMDEwMSuz%2BKdPPcFwpliz%2BHy4Z8DZpOmz%2BHzBcKZYsd%2Bz%2BHxVcGFwZXI%3D&sharepage=50&select=1&kind=2&article_date=2020-01-01&news_id=9494374,防疫族群 市場聚焦,"台股昨（31）日受制於美股收黑，以及季底結帳賣壓影響，指數連二日收黑，但中國武漢傳出多起病毒性肺炎個案，激勵短線買盤搶進國光生（4142）等防疫概念股，激勵股價強勢拉升，匯聚市場人氣。
美股獲利賣壓湧現，科 
	                    "
0,20200103,https://udndata.com/ndapp/Story?no=1&page=1&udndbid=udndata&SearchString=qL6szLenqcCq0Suk6bTBPj0yMDIwMDEwMyuk6bTBPD0yMDIwMDEwMyuz%2BKdPPcFwpliz%2BHy4Z8DZpOmz%2BHzBcKZYsd%2Bz%2BHxVcGFwZXI%3D&sharepage=50&select=1&kind=2&article_date=2020-01-03&news_id=9495855,防疫概念股 強勢演出,"大陸武漢本周發現多起不明肺炎病例，引發SARS（嚴重急性呼吸道症候群）再起疑慮，「防疫概念股」總動員，毛寶（1732）、恆大、康那香股價從過年前漲到過年後，後續值得關注。
武漢市衛生健康委員會12月31日公布，近 
	                    "
0,20200106,https://udndata.com/ndapp/Story?no=1&page=1&udndbid=udndata&SearchString=qL6szLenqcCq0Suk6bTBPj0yMDIwMDEwNiuk6bTBPD0yMDIwMDEwNiuz%2BKdPPcFwpliz%2BHy4Z8DZpOmz%2BHzBcKZYsd%2Bz%2BHxVcGFwZXI%3D&sharepage=50&select=1&kind=2&article_date=2020-01-06&news_id=9498405,生技醫療股 資金避風港,"防疫概念股成為國際利空下的資金避風港，加上生技股被視為總統大選的押寶股，使得生技類股今（6）日表現相對抗跌，包括藥華藥（6446）、皇將（4744）、華廣（4737）盤中漲幅逾3%，全宇-KY（4148）、晟德（4123）、國 
	                    "
0,20200107,https://udndata.com/ndapp/Story?no=1&page=1&udndbid=udndata&SearchString=qL6szLenqcCq0Suk6bTBPj0yMDIwMDEwNyuk6bTBPD0yMDIwMDEwNyuz%2BKdPPcFwpliz%2BHy4Z8DZpOmz%2BHzBcKZYsd%2Bz%2BHxVcGFwZXI%3D&sharepage=50&select=1&kind=2&article_date=2020-01-07&news_id=9498825,武漢爆發肺炎 防疫股衝鋒,"2020年首隻黑天鵝報到！台股昨（6）日大跌157點，創今年來最大跌幅，然盤面上「防疫概念股」挾武漢肺炎疫情擴大題材，吸引市場買盤大舉搶進，族群帶量上攻，躍升盤面焦點。
法人表示，台股受到中東緊張情勢升溫，昨 
	                    "
0,20200120,https://udndata.com/ndapp/Story?no=1&page=1&udndbid=udndata&SearchString=qL6szLenqcCq0Suk6bTBPj0yMDIwMDEyMCuk6bTBPD0yMDIwMDEyMCuz%2BKdPPcFwpliz%2BHy4Z8DZpOmz%2BHzBcKZYsd%2Bz%2BHxVcGFwZXI%3D&sharepage=50&select=1&kind=2&article_date=2020-01-20&news_id=9509120,金豬封關 3概念股 蘋果 5G 防疫 突圍,"受到上周五（17日）美股收紅帶動，台股豬年封關一片樂觀，指數再次站回12,100關卡，盤面上三大題材股表現亮眼，包括外資調高蘋果目標價，帶動蘋概股發威；5G商轉地區增加，5G概念股強勢演出；武漢疫情增溫，防疫概念 
	                    "
1,20200120,https://udndata.com/ndapp/Story?no=2&page=1&udndbid=udndata&SearchString=qL6szLenqcCq0Suk6bTBPj0yMDIwMDEyMCuk6bTBPD0yMDIwMDEyMCuz%2BKdPPcFwpliz%2BHy4Z8DZpOmz%2BHzBcKZYsd%2Bz%2BHxVcGFwZXI%3D&sharepage=50&select=1&kind=2&article_date=2020-01-20&news_id=9509148,武漢肺炎延燒 防疫股押寶熱,"武漢肺炎疫情快速擴散，最新病例出現在北京、深圳，隨著時序逼近春節，大陸春運即將開始，市場憂心疫情很可能擴及大陸全境，年後疫情恐再升溫，也讓防疫概念股成為封關日的資金押寶股，包括恆大（1325）、毛寶（1732 
	                    "
0,20200121,https://udndata.com/ndapp/Story?no=1&page=1&udndbid=udndata&SearchString=qL6szLenqcCq0Suk6bTBPj0yMDIwMDEyMSuk6bTBPD0yMDIwMDEyMSuz%2BKdPPcFwpliz%2BHy4Z8DZpOmz%2BHzBcKZYsd%2Bz%2BHxVcGFwZXI%3D&sharepage=50&select=1&kind=2&article_date=2020-01-21&news_id=9509349,台指期 年後可望補漲,"隨美股四大指數上揚，亞股昨（20）日皆開高走紅，台股終場以小漲作收封關。期貨商指出，統計台股封關後至開紅盤日，國際股市的上漲機率為七成，投資人可待年後量能回歸後，透過台指期搶搭補漲的波段趨勢列車。
美中 
	                    "
1,20200121,https://udndata.com/ndapp/Story?no=2&page=1&udndbid=udndata&SearchString=qL6szLenqcCq0Suk6bTBPj0yMDIwMDEyMSuk6bTBPD0yMDIwMDEyMSuz%2BKdPPcFwpliz%2BHy4Z8DZpOmz%2BHzBcKZYsd%2Bz%2BHxVcGFwZXI%3D&sharepage=50&select=1&kind=2&article_date=2020-01-21&news_id=9509418,優質高價股 法人緊抱,"台股昨（20）日金豬年封關，收盤站上5日線、12,100點關卡。由於年前行情相對壓抑，法人搶進可成（2474）、上銀等優質或具轉機題材高價股抱股過年，押寶旺鼠年紅盤行情。
美中貿易協議樂觀情緒、強勁新屋開工數據，支 
	                    "
2,20200121,https://udndata.com/ndapp/Story?no=3&page=1&udndbid=udndata&SearchString=qL6szLenqcCq0Suk6bTBPj0yMDIwMDEyMSuk6bTBPD0yMDIwMDEyMSuz%2BKdPPcFwpliz%2BHy4Z8DZpOmz%2BHzBcKZYsd%2Bz%2BHxVcGFwZXI%3D&sharepage=50&select=1&kind=2&article_date=2020-01-21&news_id=9509673,防疫概念股走強,"大陸武漢肺炎疫情擴大，防疫意識快速升級，台灣毛寶、恆大、康那香等「防疫概念股」昨（20）日股價都攻上漲停板，成為金豬年封關走勢最強勁的族群。
防疫概念股昨天股價全面上演噴出行情，例如生產清潔消毒用品的毛 
	                    "
0,20200130,https://udndata.com/ndapp/Story?no=1&page=1&udndbid=udndata&SearchString=qL6szLenqcCq0Suk6bTBPj0yMDIwMDEzMCuk6bTBPD0yMDIwMDEzMCuz%2BKdPPcFwpliz%2BHy4Z8DZpOmz%2BHzBcKZYsd%2Bz%2BHxVcGFwZXI%3D&sharepage=50&select=1&kind=2&article_date=2020-01-30&news_id=9513851,【防疫股】 南六、康那香亮燈,"防疫概念股新春一開盤全面亮燈，部份中低價股漲停委買張數皆有幾十萬張排隊搶購。法人表示，由於2月將為疫情是否在全球爆發重要觀察期，這場防疫大戰要打多久仍有許多變數，一旦戰線拉長，防疫股仍有不少上漲空間，吸 
	                    "
1,20200130,https://udndata.com/ndapp/Story?no=2&page=1&udndbid=udndata&SearchString=qL6szLenqcCq0Suk6bTBPj0yMDIwMDEzMCuk6bTBPD0yMDIwMDEzMCuz%2BKdPPcFwpliz%2BHy4Z8DZpOmz%2BHzBcKZYsd%2Bz%2BHxVcGFwZXI%3D&sharepage=50&select=1&kind=2&article_date=2020-01-30&news_id=9513868,投資情報站,"指標股：防疫概念股美吾華（1731）股價跳空漲停鎖住，衝上近兩年高點，在疫情尚未緩解下，短線資金可望持續挹注。
關鍵數據：台幣短線快速貶值，升破30元整數關卡，持續關注台幣表現。
技術分析：加權指數帶量失守 
	                    "
2,20200130,https://udndata.com/ndapp/Story?no=3&page=1&udndbid=udndata&SearchString=qL6szLenqcCq0Suk6bTBPj0yMDIwMDEzMCuk6bTBPD0yMDIwMDEzMCuz%2BKdPPcFwpliz%2BHy4Z8DZpOmz%2BHzBcKZYsd%2Bz%2BHxVcGFwZXI%3D&sharepage=50&select=1&kind=2&article_date=2020-01-30&news_id=9513831,台股重挫 盤中跌逾600點,"台股金鼠年開紅盤，受到武漢肺炎疫情衝擊，盤中指數大跌逾600點，跌幅約5%，盤中跌停檔數超過200檔；台股受到重擊，多空交戰激烈，上市櫃股票交易量超過2500億元，台股上市公司總市值一天就蒸發約1.8兆元，面臨35兆元 
	                    "
3,20200130,https://udndata.com/ndapp/Story?no=4&page=1&udndbid=udndata&SearchString=qL6szLenqcCq0Suk6bTBPj0yMDIwMDEzMCuk6bTBPD0yMDIwMDEzMCuz%2BKdPPcFwpliz%2BHy4Z8DZpOmz%2BHzBcKZYsd%2Bz%2BHxVcGFwZXI%3D&sharepage=50&select=1&kind=2&article_date=2020-01-30&news_id=9513448,高券資比股 迎軋空行情,"台股元月融券快速攀升，由於上市櫃公司將在金鼠年開紅盤後陸續公告股東會日期，法人看好世芯-KY（3661）等高券資比個股，有機會隨股東會前強制回補，配合資金行情展開一波軋空走勢。
法人看好，世芯-KY、華通、上銀 
	                    "
4,20200130,https://udndata.com/ndapp/Story?no=5&page=1&udndbid=udndata&SearchString=qL6szLenqcCq0Suk6bTBPj0yMDIwMDEzMCuk6bTBPD0yMDIwMDEzMCuz%2BKdPPcFwpliz%2BHy4Z8DZpOmz%2BHzBcKZYsd%2Bz%2BHxVcGFwZXI%3D&sharepage=50&select=1&kind=2&article_date=2020-01-30&news_id=9513639,外資盯台股 三劇本應變,"台股今（30）日開紅盤，惟武漢肺炎快速擴散，內外資法人提前歸隊急商對策，以國際股市在封關期間普遍下跌約2%估算，法人認為台股今天開盤恐面臨補跌200點到300點，外資圈更提出「搶反彈」、「疫情加重爆發」、「有驚 
	                    "
0,20200131,https://udndata.com/ndapp/Story?no=1&page=1&udndbid=udndata&SearchString=qL6szLenqcCq0Suk6bTBPj0yMDIwMDEzMSuk6bTBPD0yMDIwMDEzMSuz%2BKdPPcFwpliz%2BHy4Z8DZpOmz%2BHzBcKZYsd%2Bz%2BHxVcGFwZXI%3D&sharepage=50&select=1&kind=2&article_date=2020-01-31&news_id=9514619,台積電、大立光領軍 台股一度反彈逾150點,"政府出面喊話，台股今日在台積電與大立光等權值股領軍下，展開跌深反彈行情，盤中一度反彈逾150點，並重返1萬1500點大關，但投資信心尚未穩定，賣壓還是不輕，10時左右，大盤指數由高點滑落逼近平盤，盤中指數持續呈 
	                    "
0,20200201,https://udndata.com/ndapp/Story?no=1&page=1&udndbid=udndata&SearchString=qL6szLenqcCq0Suk6bTBPj0yMDIwMDIwMSuk6bTBPD0yMDIwMDIwMSuz%2BKdPPcFwpliz%2BHy4Z8DZpOmz%2BHzBcKZYsd%2Bz%2BHxVcGFwZXI%3D&sharepage=50&select=1&kind=2&article_date=2020-02-01&news_id=9514998,台股反彈 下周防陸股變臉,"台股金鼠年開盤重挫超跌近七百點，財政部長蘇建榮昨天盤前信心喊話護盤，台股止跌收紅，反彈逾七十點。台幣兌美元匯率隨台股反彈同步走升，最高升值一點一七角至卅點一六元，終場升值二點七分，收在卅點二五元。
分 
	                    "
1,20200201,https://udndata.com/ndapp/Story?no=2&page=1&udndbid=udndata&SearchString=qL6szLenqcCq0Suk6bTBPj0yMDIwMDIwMSuk6bTBPD0yMDIwMDIwMSuz%2BKdPPcFwpliz%2BHy4Z8DZpOmz%2BHzBcKZYsd%2Bz%2BHxVcGFwZXI%3D&sharepage=50&select=1&kind=2&article_date=2020-02-01&news_id=9515031,權值股防疫概念 勇,"盤勢分析
武漢疫情延燒，台股新春開紅盤重挫，跌破季線來到11,400點，出現破線格局，著眼疫情持續，市場變數仍多，短期台股將面臨震盪整理。加權指數昨（31）日收在11,495點，漲0.64%，櫃買指數收在141.77點，漲0.5 
	                    "
2,20200201,https://udndata.com/ndapp/Story?no=3&page=1&udndbid=udndata&SearchString=qL6szLenqcCq0Suk6bTBPj0yMDIwMDIwMSuk6bTBPD0yMDIwMDIwMSuz%2BKdPPcFwpliz%2BHy4Z8DZpOmz%2BHzBcKZYsd%2Bz%2BHxVcGFwZXI%3D&sharepage=50&select=1&kind=2&article_date=2020-02-01&news_id=9515216,防疫股過熱 電子正規軍可低接,"2002年11月16日廣東省順德市發生首例不明病例，隔年2月10日才首次對外發布300多個病例，正逢春節前後，人口大規模移動造成疫情擴散，當時2月26日台灣出現首位SARS病例，3月4日中國出現死亡病例，3月26日台灣也有人因 
	                    "
3,20200201,https://udndata.com/ndapp/Story?no=4&page=1&udndbid=udndata&SearchString=qL6szLenqcCq0Suk6bTBPj0yMDIwMDIwMSuk6bTBPD0yMDIwMDIwMSuz%2BKdPPcFwpliz%2BHy4Z8DZpOmz%2BHzBcKZYsd%2Bz%2BHxVcGFwZXI%3D&sharepage=50&select=1&kind=2&article_date=2020-02-01&news_id=9515223,景氣復甦股 強勢,"台股紅盤行情被武漢肺炎打翻，本周大跌623點，仍有156檔個股收平甚至逆勢上漲，除防疫、宅經濟概念熱門股外，英業達、泰鼎-KY等獲法人買超強勢股，成短線多頭觀察指標。
永豐期貨副總經理廖祿民認為，外資昨（31）日 
	                    "
0,20200202,https://udndata.com/ndapp/Story?no=1&page=1&udndbid=udndata&SearchString=qL6szLenqcCq0Suk6bTBPj0yMDIwMDIwMiuk6bTBPD0yMDIwMDIwMiuz%2BKdPPcFwpliz%2BHy4Z8DZpOmz%2BHzBcKZYsd%2Bz%2BHxVcGFwZXI%3D&sharepage=50&select=1&kind=2&article_date=2020-02-02&news_id=9515905,南僑 疫情概念股正夯,"隨著武漢肺炎疫情延燒，南僑（1702）也成為具備抗疫情概念，先前已推出南僑水晶葡萄柚籽抗菌噴霧乾洗手、南僑水晶葡萄柚籽抗菌洗手液等產品，都已經通過SNQ國家品質標章認證，受到武漢肺炎疫情延燒，南僑乾洗手產品也 
	                    "
0,20200203,https://udndata.com/ndapp/Story?no=1&page=1&udndbid=udndata&SearchString=qL6szLenqcCq0Suk6bTBPj0yMDIwMDIwMyuk6bTBPD0yMDIwMDIwMyuz%2BKdPPcFwpliz%2BHy4Z8DZpOmz%2BHzBcKZYsd%2Bz%2BHxVcGFwZXI%3D&sharepage=50&select=1&kind=2&article_date=2020-02-03&news_id=9516754,食品族一馬當先,"全民一起防堵特殊傳染性肺炎，今天台股再度呈現兩樣情，今天不只是防疫念股強，包括食品股當中跟保健產品有關的個股表現超強，由國內食品大廠統一（1216）領軍上漲近2%，生產保健產品很有名氣的佳格（1227）今天一度 
	                    "
1,20200203,https://udndata.com/ndapp/Story?no=2&page=1&udndbid=udndata&SearchString=qL6szLenqcCq0Suk6bTBPj0yMDIwMDIwMyuk6bTBPD0yMDIwMDIwMyuz%2BKdPPcFwpliz%2BHy4Z8DZpOmz%2BHzBcKZYsd%2Bz%2BHxVcGFwZXI%3D&sharepage=50&select=1&kind=2&article_date=2020-02-03&news_id=9516740,投資情報站,"指標股：豪展（4735）今日亮燈漲停，買盤持續進駐防疫概念股，除口罩之外，耳溫槍等防疫商品市場也被看好，加以法人評估業績具成長性。
技術分析：今日雖在半年線攻防中，多頭略勝一籌，也讓大盤指數出現下影線而有 
	                    "
2,20200203,https://udndata.com/ndapp/Story?no=3&page=1&udndbid=udndata&SearchString=qL6szLenqcCq0Suk6bTBPj0yMDIwMDIwMyuk6bTBPD0yMDIwMDIwMyuz%2BKdPPcFwpliz%2BHy4Z8DZpOmz%2BHzBcKZYsd%2Bz%2BHxVcGFwZXI%3D&sharepage=50&select=1&kind=2&article_date=2020-02-03&news_id=9516257,記憶體LED 聚光,"盤勢分析
上周台股開紅盤，指數如預期重挫，防疫概念股口罩、耳溫槍、清潔用品、抗菌以及線上遊戲等少數強勢，更重創市場多頭信心。重災區包括非科技股的觀光航空旅遊股，以及科技股的中國生產基地，包括蘋果供應鏈 
	                    "
3,20200203,https://udndata.com/ndapp/Story?no=4&page=1&udndbid=udndata&SearchString=qL6szLenqcCq0Suk6bTBPj0yMDIwMDIwMyuk6bTBPD0yMDIwMDIwMyuz%2BKdPPcFwpliz%2BHy4Z8DZpOmz%2BHzBcKZYsd%2Bz%2BHxVcGFwZXI%3D&sharepage=50&select=1&kind=2&article_date=2020-02-03&news_id=9516376,鈊象康那香 法人挺,"在武漢疫情爆發下，全球股市漲少跌多，「抗疫受惠股」成為市場矚目焦點。觀察近十個交易日，鈊象、宇峻等均獲三大法人買單進駐。
其中以買超鈊象2,272張最多，宇峻買超1,706張、網龍買超629張。但同時期，新麗、國光 
	                    "
4,20200203,https://udndata.com/ndapp/Story?no=5&page=1&udndbid=udndata&SearchString=qL6szLenqcCq0Suk6bTBPj0yMDIwMDIwMyuk6bTBPD0yMDIwMDIwMyuz%2BKdPPcFwpliz%2BHy4Z8DZpOmz%2BHzBcKZYsd%2Bz%2BHxVcGFwZXI%3D&sharepage=50&select=1&kind=2&article_date=2020-02-03&news_id=9516378,抗疫受惠股勇健 盤面亮點,"武漢肺炎疫情快速蔓延，開始對全球資本市場造成衝擊，但仍有部分產業如口罩、消毒用品、疫苗、耳溫槍等醫材用品，以及與宅經濟相關的遊戲產業等受惠，法人預期將成為「抗疫受惠股」，成為市場關注焦點。
武漢肺炎確 
	                    "
5,20200203,https://udndata.com/ndapp/Story?no=6&page=1&udndbid=udndata&SearchString=qL6szLenqcCq0Suk6bTBPj0yMDIwMDIwMyuk6bTBPD0yMDIwMDIwMyuz%2BKdPPcFwpliz%2BHy4Z8DZpOmz%2BHzBcKZYsd%2Bz%2BHxVcGFwZXI%3D&sharepage=50&select=1&kind=2&article_date=2020-02-03&news_id=9516372,恆大新麗 接單火熱,"大陸武漢肺炎疫情升溫，國內新型冠狀病毒確診案例暴增為十例，民眾對於防疫相關物資需求大增，口罩、不織布廠走俏，包括恆大、康那香、新麗和毛寶等相關概念股都應聲大漲。
恆大以目前在台的四條產線每日三班制生產 
	                    "
0,20200204,https://udndata.com/ndapp/Story?no=1&page=1&udndbid=udndata&SearchString=qL6szLenqcCq0Suk6bTBPj0yMDIwMDIwNCuk6bTBPD0yMDIwMDIwNCuz%2BKdPPcFwpliz%2BHy4Z8DZpOmz%2BHzBcKZYsd%2Bz%2BHxVcGFwZXI%3D&sharepage=50&select=1&kind=2&article_date=2020-02-04&news_id=9517459,台股開高走高 2天高低距逾400點,"美股昨日跌深反彈，陸股今日早盤未再重挫，激勵台股今日開高走高，盤中上漲逾200點；台股兩天之內的高低點差距超過400點，多頭氣勢不弱。
台積電及大立光股價盤中漲幅逾3%，鴻海漲幅也超過1.5%，帶動台股指數開盤後 
	                    "
1,20200204,https://udndata.com/ndapp/Story?no=2&page=1&udndbid=udndata&SearchString=qL6szLenqcCq0Suk6bTBPj0yMDIwMDIwNCuk6bTBPD0yMDIwMDIwNCuz%2BKdPPcFwpliz%2BHy4Z8DZpOmz%2BHzBcKZYsd%2Bz%2BHxVcGFwZXI%3D&sharepage=50&select=1&kind=2&article_date=2020-02-04&news_id=9517033,群創友達認購火熱,"台股昨（3）日受到陸股開市重挫影響，台股開低後跌幅收斂，終場下跌140點，指數收在11,354點。盤面上除口罩及醫材等防疫概念股持續強勢外，就屬面板雙雄的群創與友達異軍突起，投資人可留意友達（2409）、群創（3481 
	                    "
2,20200204,https://udndata.com/ndapp/Story?no=3&page=1&udndbid=udndata&SearchString=qL6szLenqcCq0Suk6bTBPj0yMDIwMDIwNCuk6bTBPD0yMDIwMDIwNCuz%2BKdPPcFwpliz%2BHy4Z8DZpOmz%2BHzBcKZYsd%2Bz%2BHxVcGFwZXI%3D&sharepage=50&select=1&kind=2&article_date=2020-02-04&news_id=9516944,選擇權 偏空操作,"受系統性風險影響，台股指數期貨昨（3）日以11,285點開出、下跌184點，權值電子三王領跌，盤中並一度大跌逾300點，低點來到11,152點，隨即低接買盤進場，跌幅明顯收斂，生醫防疫概念股依舊是盤面焦點。台指期終場下跌 
	                    "
3,20200204,https://udndata.com/ndapp/Story?no=4&page=1&udndbid=udndata&SearchString=qL6szLenqcCq0Suk6bTBPj0yMDIwMDIwNCuk6bTBPD0yMDIwMDIwNCuz%2BKdPPcFwpliz%2BHy4Z8DZpOmz%2BHzBcKZYsd%2Bz%2BHxVcGFwZXI%3D&sharepage=50&select=1&kind=2&article_date=2020-02-04&news_id=9517040,毛寶花仙子 搶抗菌商機,"武漢肺炎疫情擴大，各種防疫用品搶翻天，不只口罩大缺貨，酒精、耳溫槍等同樣熱賣，生產抗菌清潔用品的毛寶（1732）、花仙子昨（3）日股價皆亮燈漲停、並創下新高。
武漢肺炎疫情蔓延，防疫已成為全民運動，「防疫概 
	                    "
4,20200204,https://udndata.com/ndapp/Story?no=5&page=1&udndbid=udndata&SearchString=qL6szLenqcCq0Suk6bTBPj0yMDIwMDIwNCuk6bTBPD0yMDIwMDIwNCuz%2BKdPPcFwpliz%2BHy4Z8DZpOmz%2BHzBcKZYsd%2Bz%2BHxVcGFwZXI%3D&sharepage=50&select=1&kind=2&article_date=2020-02-04&news_id=9517016,日友兩岸擴產 營運加溫,"武漢肺炎衝擊台股，不過防疫概念股一枝獨秀，其中全台最大醫療廢棄物處理廠日友（8341）因兩岸新產能逐步加入，法人預估營收可望逐季成長。而北京二廠興建工程目前已在收尾階段，並正加速趕工，可望在2月底或3月初加 
	                    "
0,20200205,https://udndata.com/ndapp/Story?no=1&page=1&udndbid=udndata&SearchString=qL6szLenqcCq0Suk6bTBPj0yMDIwMDIwNSuk6bTBPD0yMDIwMDIwNSuz%2BKdPPcFwpliz%2BHy4Z8DZpOmz%2BHzBcKZYsd%2Bz%2BHxVcGFwZXI%3D&sharepage=50&select=1&kind=2&article_date=2020-02-05&news_id=9517733,花仙子亞諾法股價翻黑,"連日大漲的「防疫概念股」花仙子（1730）、生技公司亞諾法等，昨（4）日均被主管機關要求公告財務資訊，花仙子去年賺逾4億元，但亞諾法僅賺300萬，但兩家公司昨日股價均翻黑，花仙子更打入跌停，法人揭示防疫概念股可 
	                    "
1,20200205,https://udndata.com/ndapp/Story?no=2&page=1&udndbid=udndata&SearchString=qL6szLenqcCq0Suk6bTBPj0yMDIwMDIwNSuk6bTBPD0yMDIwMDIwNSuz%2BKdPPcFwpliz%2BHy4Z8DZpOmz%2BHzBcKZYsd%2Bz%2BHxVcGFwZXI%3D&sharepage=50&select=1&kind=2&article_date=2020-02-05&news_id=9517766,PCB廠不斷鏈 股價強彈,"台股在半年線獲得多方抵抗後，昨（4）日隨國際股市反彈201點，印刷電路板（PCB）族群紛紛回神，欣興（3037）等個股在籌碼換手後，收盤上漲逾4%，多方暫時鬆一口氣。
受惠於美股強彈，以及陸股回穩，台股昨日以高盤開 
	                    "
2,20200205,https://udndata.com/ndapp/Story?no=3&page=1&udndbid=udndata&SearchString=qL6szLenqcCq0Suk6bTBPj0yMDIwMDIwNSuk6bTBPD0yMDIwMDIwNSuz%2BKdPPcFwpliz%2BHy4Z8DZpOmz%2BHzBcKZYsd%2Bz%2BHxVcGFwZXI%3D&sharepage=50&select=1&kind=2&article_date=2020-02-05&news_id=9518118,台股四利多 大戶撿便宜,"在美亞股市同步齊彈、政府基金助推人氣、新台幣匯率強勢升值、投信法人逢低承接等四利多助攻下，台股昨（4）日跌深反彈，在權值股領軍下，終場大漲逾200點，收復11,500點關卡。不過，外資周一（3日）買超一天之後，昨 
	                    "
0,20200206,https://udndata.com/ndapp/Story?no=1&page=1&udndbid=udndata&SearchString=qL6szLenqcCq0Suk6bTBPj0yMDIwMDIwNiuk6bTBPD0yMDIwMDIwNiuz%2BKdPPcFwpliz%2BHy4Z8DZpOmz%2BHzBcKZYsd%2Bz%2BHxVcGFwZXI%3D&sharepage=50&select=1&kind=2&article_date=2020-02-06&news_id=9518541,線上零售服務 可追蹤,"盤勢分析
新型冠狀病毒疫情打亂全球投資人第1季策略布局，原先多頭蓄勢待發的陸股及亞洲股市面臨短線修正。歐美在出現確診病例後，股市波動跟著放大，VIX恐慌指數也在短短幾天從12%迅速竄升到18.84%，顯示短線資金避 
	                    "
0,20200207,https://udndata.com/ndapp/Story?no=1&page=1&udndbid=udndata&SearchString=qL6szLenqcCq0Suk6bTBPj0yMDIwMDIwNyuk6bTBPD0yMDIwMDIwNyuz%2BKdPPcFwpliz%2BHy4Z8DZpOmz%2BHzBcKZYsd%2Bz%2BHxVcGFwZXI%3D&sharepage=50&select=1&kind=2&article_date=2020-02-07&news_id=9519946,防疫股回神,"武漢肺炎疫情威脅未除，鑽石公主號遊輪確診感染病例增加，防疫概念股今（7）日再展開攻勢，亞諾法（4133）宣布將加快中國大陸新型冠狀病毒快速檢測、治療性抗體與疫苗的開發，消息激勵股價開高走高攻上漲停32.45元， 
	                    "
1,20200207,https://udndata.com/ndapp/Story?no=2&page=1&udndbid=udndata&SearchString=qL6szLenqcCq0Suk6bTBPj0yMDIwMDIwNyuk6bTBPD0yMDIwMDIwNyuz%2BKdPPcFwpliz%2BHy4Z8DZpOmz%2BHzBcKZYsd%2Bz%2BHxVcGFwZXI%3D&sharepage=50&select=1&kind=2&article_date=2020-02-07&news_id=9519950,大盤一周高低差達600點,"台股連漲三天後，今日開出低盤，盤中下跌曾逾百點，不過，周線還是拉出長紅K棒，一周內的指數高低點差距達600點。由於台積電市值守住8.5兆元，上市公司總市值也維持在35兆元之上。
台股今日在蘋概三王股表現疲軟之下 
	                    "
2,20200207,https://udndata.com/ndapp/Story?no=3&page=1&udndbid=udndata&SearchString=qL6szLenqcCq0Suk6bTBPj0yMDIwMDIwNyuk6bTBPD0yMDIwMDIwNyuz%2BKdPPcFwpliz%2BHy4Z8DZpOmz%2BHzBcKZYsd%2Bz%2BHxVcGFwZXI%3D&sharepage=50&select=1&kind=2&article_date=2020-02-07&news_id=9519705,外資回頭挺台股,"在權王台積電領軍，及外資買超52億元，創金鼠年開紅盤來最大買超金額帶動下，台股昨（6）日大漲176點，今天將挑戰重回10日線、季線。法人認為，台股短線反彈幅度大，後市需觀察「月季線死亡交叉壓力、元月營收表現、 
	                    "
0,20200208,https://udndata.com/ndapp/Story?no=1&page=1&udndbid=udndata&SearchString=qL6szLenqcCq0Suk6bTBPj0yMDIwMDIwOCuk6bTBPD0yMDIwMDIwOCuz%2BKdPPcFwpliz%2BHy4Z8DZpOmz%2BHzBcKZYsd%2Bz%2BHxVcGFwZXI%3D&sharepage=50&select=1&kind=2&article_date=2020-02-08&news_id=9520347,生技湧買盤 精兵出列,"武漢肺炎疫情再傳新病例，台股昨（7）日因三大法人摜壓逾百億元，終場大跌逾百點挑戰季線未果，但生技股湧現避險買盤，重新躍居抗跌焦點，法人建議可打鐵趁熱汰弱留強，相關如南光（1752）、金可-KY等趨勢確立生技股 
	                    "
0,20200210,https://udndata.com/ndapp/Story?no=1&page=1&udndbid=udndata&SearchString=qL6szLenqcCq0Suk6bTBPj0yMDIwMDIxMCuk6bTBPD0yMDIwMDIxMCuz%2BKdPPcFwpliz%2BHy4Z8DZpOmz%2BHzBcKZYsd%2Bz%2BHxVcGFwZXI%3D&sharepage=50&select=1&kind=2&article_date=2020-02-10&news_id=9521726,投資除菌棒 台塑化變防疫概念股,"台塑化意外變身「防疫概念股」，旗下轉投資的福機裝（ＮＫＦＧ）公司，與日本的諾貝爾物理獎得主天野浩教授合作，開發出獨門的ＵＶ-ＬＥＤ殺菌技術，新推出一款除菌棒，號稱一秒鐘完成殺菌，讓口罩重複使用，在網路上 
	                    "
1,20200210,https://udndata.com/ndapp/Story?no=2&page=1&udndbid=udndata&SearchString=qL6szLenqcCq0Suk6bTBPj0yMDIwMDIxMCuk6bTBPD0yMDIwMDIxMCuz%2BKdPPcFwpliz%2BHy4Z8DZpOmz%2BHzBcKZYsd%2Bz%2BHxVcGFwZXI%3D&sharepage=50&select=1&kind=2&article_date=2020-02-10&news_id=9521968,高端,"生技股跟防疫概念的高端（6547）今天再度出現人氣，股價盤中漲幅達5%。受到新冠肺炎疫情持續擴散，防疫成為重要任務，台股當中的防疫概念股成為資金避風港。
隨著疫情蔓延，市場也傳出政策將組抗疫國家隊，高端是國 
	                    "
2,20200210,https://udndata.com/ndapp/Story?no=3&page=1&udndbid=udndata&SearchString=qL6szLenqcCq0Suk6bTBPj0yMDIwMDIxMCuk6bTBPD0yMDIwMDIxMCuz%2BKdPPcFwpliz%2BHy4Z8DZpOmz%2BHzBcKZYsd%2Bz%2BHxVcGFwZXI%3D&sharepage=50&select=1&kind=2&article_date=2020-02-10&news_id=9522018,攀上防疫題材 台塑化昂首,"台股早盤一度重挫近200點，台塑化（6505）也成為另類防疫概念股，轉投資的「福機裝」（NKFG）推出隨身攜帶的消毒、除菌棒可瞬間破壞細菌、病毒，現在成為網購熱門商品。台塑化今天股價也相對抗跌，大盤指數早盤開低重 
	                    "
3,20200210,https://udndata.com/ndapp/Story?no=4&page=1&udndbid=udndata&SearchString=qL6szLenqcCq0Suk6bTBPj0yMDIwMDIxMCuk6bTBPD0yMDIwMDIxMCuz%2BKdPPcFwpliz%2BHy4Z8DZpOmz%2BHzBcKZYsd%2Bz%2BHxVcGFwZXI%3D&sharepage=50&select=1&kind=2&article_date=2020-02-10&news_id=9521595,被動元件記憶體可留意,"今（10）日中國供應鏈復工，包括鴻海（2317）等指標大廠是否解決有關生產、出貨等問題，將是本周行情觀察焦點，只要新冠肺炎疫情不再惡化，指數有機會再次反彈，向上挑戰月、季線反壓，下檔重要支撐在4日跳空缺口11, 
	                    "
0,20200211,https://udndata.com/ndapp/Story?no=1&page=1&udndbid=udndata&SearchString=qL6szLenqcCq0Suk6bTBPj0yMDIwMDIxMSuk6bTBPD0yMDIwMDIxMSuz%2BKdPPcFwpliz%2BHy4Z8DZpOmz%2BHzBcKZYsd%2Bz%2BHxVcGFwZXI%3D&sharepage=50&select=1&kind=2&article_date=2020-02-11&news_id=9522240,台積概念股 買盤搶進,"武漢肺炎疫情延燒，台股昨（10）日跌破11,500點後收腳，世芯-KY（3661）等台積電概念股因今年營運展望佳，以及應材財報公布在即，獲買盤進場承接，股價相對抗震。
美股創高後拉回，加上武漢肺炎陰霾揮之不去，市場擔 
	                    "
0,20200216,https://udndata.com/ndapp/Story?no=1&page=1&udndbid=udndata&SearchString=qL6szLenqcCq0Suk6bTBPj0yMDIwMDIxNiuk6bTBPD0yMDIwMDIxNiuz%2BKdPPcFwpliz%2BHy4Z8DZpOmz%2BHzBcKZYsd%2Bz%2BHxVcGFwZXI%3D&sharepage=50&select=1&kind=2&article_date=2020-02-16&news_id=9526320,台積電大立光 外資力挺,"面臨春節放假與新冠肺炎的雙重衝擊，但績優與利基公司的元月營收仍然繳出亮麗的成績單，受到法人肯定，後市仍取決於新冠肺炎疫情的發展。
台積電元月營收站穩千億元，不但連六月營收都在千億元之上，且元月營收月增 
	                    "
0,20200217,https://udndata.com/ndapp/Story?no=1&page=1&udndbid=udndata&SearchString=qL6szLenqcCq0Suk6bTBPj0yMDIwMDIxNyuk6bTBPD0yMDIwMDIxNyuz%2BKdPPcFwpliz%2BHy4Z8DZpOmz%2BHzBcKZYsd%2Bz%2BHxVcGFwZXI%3D&sharepage=50&select=1&kind=2&article_date=2020-02-17&news_id=9527258,疫情動盪 宅經濟股竄起,"新冠肺炎（COVID-19）疫情延燒，國內出現首件死亡案例，使投資市場情緒再度轉為謹慎，台股今日開低震盪，盤中指數跌破三線：5日、月與季線；權值股疲軟，宅經濟相關個股則大漲。
受到疫情影響，宅經濟的電商概念股中 
	                    "
0,20200218,https://udndata.com/ndapp/Story?no=1&page=1&udndbid=udndata&SearchString=qL6szLenqcCq0Suk6bTBPj0yMDIwMDIxOCuk6bTBPD0yMDIwMDIxOCuz%2BKdPPcFwpliz%2BHy4Z8DZpOmz%2BHzBcKZYsd%2Bz%2BHxVcGFwZXI%3D&sharepage=50&select=1&kind=2&article_date=2020-02-18&news_id=9528117,15檔高券資比 醞釀軋空行情,"受新冠肺炎（COVID-19）疫情肆虐影響，市場融券餘額居高不下。投資專家看好，隨著上市櫃公司將陸續公告股東會召開日期，高券資比且基本面佳個股，有望率先上演軋空行情。
上市櫃公司每年適逢股東會、除權息，皆必須 
	                    "
1,20200218,https://udndata.com/ndapp/Story?no=2&page=1&udndbid=udndata&SearchString=qL6szLenqcCq0Suk6bTBPj0yMDIwMDIxOCuk6bTBPD0yMDIwMDIxOCuz%2BKdPPcFwpliz%2BHy4Z8DZpOmz%2BHzBcKZYsd%2Bz%2BHxVcGFwZXI%3D&sharepage=50&select=1&kind=2&article_date=2020-02-18&news_id=9527584,科技三族群 盤面熱點,"受制於技術面壓力，以及法人賣壓，台股昨（17）日拉回52點，但資金持續聚焦中小型股，今年前景看好的矽晶圓、CMOS感測元件（CIS）、半導體設備等三大族群，股價逆勢抗震，扛多頭大旗。
新冠肺炎疫情持續延燒至海外， 
	                    "
0,20200219,https://udndata.com/ndapp/Story?no=1&page=1&udndbid=udndata&SearchString=qL6szLenqcCq0Suk6bTBPj0yMDIwMDIxOSuk6bTBPD0yMDIwMDIxOSuz%2BKdPPcFwpliz%2BHy4Z8DZpOmz%2BHzBcKZYsd%2Bz%2BHxVcGFwZXI%3D&sharepage=50&select=1&kind=2&article_date=2020-02-19&news_id=9528348,晶相光台表科認購靚,"台股受新冠肺炎疫情影響外，昨（18）日又因台積電、蘋概股雙重利空影響，大跌逾百點，不過盤面上仍有不少抗震股逆勢走強，如LED產業設備、伺服器、自動化產業等個股，投資人可留意權證的介入機會。
蘋果釋利空，蘋概 
	                    "
1,20200219,https://udndata.com/ndapp/Story?no=2&page=1&udndbid=udndata&SearchString=qL6szLenqcCq0Suk6bTBPj0yMDIwMDIxOSuk6bTBPD0yMDIwMDIxOSuz%2BKdPPcFwpliz%2BHy4Z8DZpOmz%2BHzBcKZYsd%2Bz%2BHxVcGFwZXI%3D&sharepage=50&select=1&kind=2&article_date=2020-02-19&news_id=9528457,利多出籠 陸股強力反彈,"儘管新冠肺炎持續延燒，不過在中國官方持續釋出利多政策，加上富時指數無礙疫情，將於3月A股第三批擴大權重，多重利多支撐下陸股反彈，上證指數填補跳空缺口，中小板指數還創下2018年3月底以來新高。法人認為，陸股長 
	                    "
0,20200221,https://udndata.com/ndapp/Story?no=1&page=1&udndbid=udndata&SearchString=qL6szLenqcCq0Suk6bTBPj0yMDIwMDIyMSuk6bTBPD0yMDIwMDIyMSuz%2BKdPPcFwpliz%2BHy4Z8DZpOmz%2BHzBcKZYsd%2Bz%2BHxVcGFwZXI%3D&sharepage=50&select=1&kind=2&article_date=2020-02-21&news_id=9530525,台塑生醫防疫噴霧 訂單排到4月,"自今年農曆春節以來，新冠肺炎疫情肆虐，台塑生醫也成為防疫概念股，抗菌、抗病毒產品市場需求呈現驚人井噴式的成長。台塑生醫已於春節放假前提前備貨，補足近5000個店點、超過10萬瓶，但春節期間被搶購一空；其中通 
	                    "
1,20200221,https://udndata.com/ndapp/Story?no=2&page=1&udndbid=udndata&SearchString=qL6szLenqcCq0Suk6bTBPj0yMDIwMDIyMSuk6bTBPD0yMDIwMDIyMSuz%2BKdPPcFwpliz%2BHy4Z8DZpOmz%2BHzBcKZYsd%2Bz%2BHxVcGFwZXI%3D&sharepage=50&select=1&kind=2&article_date=2020-02-21&news_id=9530475,投資情報站,"指標股：台積電（2330）受到外資近期賣壓影響而走弱，股價變化仍視外資動向為主。來自華為與蘋果的訂單是否減少，將影響其後續的業績表現。
技術分析：目前大盤指數仍在區間波動，以台股與美股約有80%連動性，美股還 
	                    "
2,20200221,https://udndata.com/ndapp/Story?no=3&page=1&udndbid=udndata&SearchString=qL6szLenqcCq0Suk6bTBPj0yMDIwMDIyMSuk6bTBPD0yMDIwMDIyMSuz%2BKdPPcFwpliz%2BHy4Z8DZpOmz%2BHzBcKZYsd%2Bz%2BHxVcGFwZXI%3D&sharepage=50&select=1&kind=2&article_date=2020-02-21&news_id=9529957,群益深証中小 押逾90天,"權證投資必有風險，本專區資訊僅供參考，並不構成邀約、招攬或其他任何建議與推薦，請讀者審慎操作。
群益深証中小ETF（00643）近期股價持續沿5日均線攀高，來到波段高點14.7元，在籌碼面，外資今年來持續買超。
雖 
	                    "
3,20200221,https://udndata.com/ndapp/Story?no=4&page=1&udndbid=udndata&SearchString=qL6szLenqcCq0Suk6bTBPj0yMDIwMDIyMSuk6bTBPD0yMDIwMDIyMSuz%2BKdPPcFwpliz%2BHy4Z8DZpOmz%2BHzBcKZYsd%2Bz%2BHxVcGFwZXI%3D&sharepage=50&select=1&kind=2&article_date=2020-02-21&news_id=9529993,中美晶期 可低接,"期貨交易必有風險，本專區資訊僅供參考，並不構成邀約、招攬或其他任何建議與推薦，請讀者審慎為之。
中美晶（5483）股價不畏新冠肺炎疫情影響，短中長期均線呈現多頭市場排列，不輸防疫概念股，中美晶股價已回補完 
	                    "
0,20200222,https://udndata.com/ndapp/Story?no=1&page=1&udndbid=udndata&SearchString=qL6szLenqcCq0Suk6bTBPj0yMDIwMDIyMiuk6bTBPD0yMDIwMDIyMiuz%2BKdPPcFwpliz%2BHy4Z8DZpOmz%2BHzBcKZYsd%2Bz%2BHxVcGFwZXI%3D&sharepage=50&select=1&kind=2&article_date=2020-02-22&news_id=9531222,避險情緒續增溫,"美國聯準會（Fed）連續兩個月降低回購操作力度，市場熱錢緊縮，短期流動性不足的憂慮再次顯現。3個月的美國國庫券與10年美債利差的倒掛現象也未見反轉，市場避險情緒上升。導致台股連兩日的回檔，再度失守月線，本周 
	                    "
1,20200222,https://udndata.com/ndapp/Story?no=2&page=1&udndbid=udndata&SearchString=qL6szLenqcCq0Suk6bTBPj0yMDIwMDIyMiuk6bTBPD0yMDIwMDIyMiuz%2BKdPPcFwpliz%2BHy4Z8DZpOmz%2BHzBcKZYsd%2Bz%2BHxVcGFwZXI%3D&sharepage=50&select=1&kind=2&article_date=2020-02-22&news_id=9530905,生醫股飆漲 打敗大盤,"新冠肺炎疫情擴大，生技醫療股受重視。不論是相關設備、疫苗研發或保健食品等族群，都可望受惠相關題材。市場人士指出，疫情短期仍未穩定，生技醫療股仍有行情可期，但個股差異大，要小心漲多拉回。
CMoney統計，高 
	                    "
2,20200222,https://udndata.com/ndapp/Story?no=3&page=1&udndbid=udndata&SearchString=qL6szLenqcCq0Suk6bTBPj0yMDIwMDIyMiuk6bTBPD0yMDIwMDIyMiuz%2BKdPPcFwpliz%2BHy4Z8DZpOmz%2BHzBcKZYsd%2Bz%2BHxVcGFwZXI%3D&sharepage=50&select=1&kind=2&article_date=2020-02-22&news_id=9531013,開學了 台股面臨壓力測試,"新冠肺炎疫情延燒，內外資持續賣股避險，台股昨（21）日拉回38點，周線終止連二紅下跌1%。法人認為，下周面對中小學開學的疫情壓力測試、MSCI明晟調降台股權重生效，盤勢偏向震盪整理，疫情發展主導多空走向。
日韓 
	                    "
0,20200223,https://udndata.com/ndapp/Story?no=1&page=1&udndbid=udndata&SearchString=qL6szLenqcCq0Suk6bTBPj0yMDIwMDIyMyuk6bTBPD0yMDIwMDIyMyuz%2BKdPPcFwpliz%2BHy4Z8DZpOmz%2BHzBcKZYsd%2Bz%2BHxVcGFwZXI%3D&sharepage=50&select=1&kind=2&article_date=2020-02-23&news_id=9531576,兆豐李秀利 留意半導體,"新冠疫情影響全球供應鏈，股市氛圍也隨疫情好壞變化。兆豐國際投顧董事長李秀利表示，疫情衝擊硬體、消費端更甚於軟體、企業端，以長線布局來看，投資人仍可留意半導體、記憶體、矽晶圓及IC設計族群，相關強勢股亦可 
	                    "
1,20200223,https://udndata.com/ndapp/Story?no=2&page=1&udndbid=udndata&SearchString=qL6szLenqcCq0Suk6bTBPj0yMDIwMDIyMyuk6bTBPD0yMDIwMDIyMyuz%2BKdPPcFwpliz%2BHy4Z8DZpOmz%2BHzBcKZYsd%2Bz%2BHxVcGFwZXI%3D&sharepage=50&select=1&kind=2&article_date=2020-02-23&news_id=9531735,防疫概念股 買盤追不停,"新冠肺炎疫情在全球持續延燒，防疫題材不斷被資本市場熱炒，台灣在全球防疫供應鏈中扮演重要角色，近期防疫概念股也閃金光。
根據CMoney統計，有鑑於SARS經驗，防疫概念股漲勢「來的快，去的也快」，因此本波買盤對 
	                    "
0,20200224,https://udndata.com/ndapp/Story?no=1&page=1&udndbid=udndata&SearchString=qL6szLenqcCq0Suk6bTBPj0yMDIwMDIyNCuk6bTBPD0yMDIwMDIyNCuz%2BKdPPcFwpliz%2BHy4Z8DZpOmz%2BHzBcKZYsd%2Bz%2BHxVcGFwZXI%3D&sharepage=50&select=1&kind=2&article_date=2020-02-24&news_id=9532628,生技戰疫 人氣鍍金,"新冠肺炎疫情全球擴散風險繼續增大，激勵不少生技股逆勢上揚，今日買盤主要仍以防疫概念股為壓寶對象，包括疫苗股高端疫苗（6547）、亞諾法（4133）股價攻頂，通路股優盛（4121）股價也亮燈漲停，帶動生技股人氣鼎沸 
	                    "
1,20200224,https://udndata.com/ndapp/Story?no=2&page=1&udndbid=udndata&SearchString=qL6szLenqcCq0Suk6bTBPj0yMDIwMDIyNCuk6bTBPD0yMDIwMDIyNCuz%2BKdPPcFwpliz%2BHy4Z8DZpOmz%2BHzBcKZYsd%2Bz%2BHxVcGFwZXI%3D&sharepage=50&select=1&kind=2&article_date=2020-02-24&news_id=9532618,台股有點慌 盤中跌逾160點,"新冠肺炎疫情在全球擴散，帶動市場恐慌情緒上升，台股今天開盤跳跌71點，多頭信心動搖且買盤意願不高，盤中下挫超過160點、跌幅逾1.4%，台股呈現三連黑。
上周五美股開低走低，四大指數收盤全數下跌，尤其科技股的那 
	                    "
2,20200224,https://udndata.com/ndapp/Story?no=3&page=1&udndbid=udndata&SearchString=qL6szLenqcCq0Suk6bTBPj0yMDIwMDIyNCuk6bTBPD0yMDIwMDIyNCuz%2BKdPPcFwpliz%2BHy4Z8DZpOmz%2BHzBcKZYsd%2Bz%2BHxVcGFwZXI%3D&sharepage=50&select=1&kind=2&article_date=2020-02-24&news_id=9532118,5G設備自動化族群 長線俏,"新冠肺炎疫情是否已被有效控制，是台股後市多空的關鍵。從以下幾個點來看，拐點似乎尚未到來：1、多數已開發國家對主要疫區的旅遊警示並未解除；2、大陸感染人數雖已漸有觸頂跡象，但日、韓、星等國卻因爆發社區感染 
	                    "
0,20200225,https://udndata.com/ndapp/Story?no=1&page=1&udndbid=udndata&SearchString=qL6szLenqcCq0Suk6bTBPj0yMDIwMDIyNSuk6bTBPD0yMDIwMDIyNSuz%2BKdPPcFwpliz%2BHy4Z8DZpOmz%2BHzBcKZYsd%2Bz%2BHxVcGFwZXI%3D&sharepage=50&select=1&kind=2&article_date=2020-02-25&news_id=9533354,防疫7尖兵 列隊,"新冠肺炎疫情大爆發，台股行情多隨著疫情波動，不過，鈊象（3293）、豪展、倉和等七檔個股股價仍逆勢創高，表現相當吸睛。
新冠肺炎疫情逐步擴散全球，引發市場恐慌情緒，全球股市近兩個交易日多呈現重挫。美股昨日 
	                    "
1,20200225,https://udndata.com/ndapp/Story?no=2&page=1&udndbid=udndata&SearchString=qL6szLenqcCq0Suk6bTBPj0yMDIwMDIyNSuk6bTBPD0yMDIwMDIyNSuz%2BKdPPcFwpliz%2BHy4Z8DZpOmz%2BHzBcKZYsd%2Bz%2BHxVcGFwZXI%3D&sharepage=50&select=1&kind=2&article_date=2020-02-25&news_id=9532862,高端股東申讓485張股票,"高端疫苗（6547）昨（24）日公告，該公司股東賽宇細胞科技申報轉讓485張股票。高端表示，賽宇為高端原始股東，投資逾五年，轉讓持股為了籌措資金，擴展本業。
賽宇細胞是由工研院化工所張景明領軍生醫中心組織工程部 
	                    "
2,20200225,https://udndata.com/ndapp/Story?no=3&page=1&udndbid=udndata&SearchString=qL6szLenqcCq0Suk6bTBPj0yMDIwMDIyNSuk6bTBPD0yMDIwMDIyNSuz%2BKdPPcFwpliz%2BHy4Z8DZpOmz%2BHzBcKZYsd%2Bz%2BHxVcGFwZXI%3D&sharepage=50&select=1&kind=2&article_date=2020-02-25&news_id=9532843,防疫概念股短線俏,"盤勢分析
由於日本、南韓肺炎疫情近期有擴大跡象，市場投資情緒趨於保守，昨（24）日亞股走低，台股指數也出現回檔，早盤開低後未能彈升，收黑K目前處月線（約11,685點）、10日線（約11,716點）之下，終場加權指數下 
	                    "
0,20200227,https://udndata.com/ndapp/Story?no=1&page=1&udndbid=udndata&SearchString=qL6szLenqcCq0Suk6bTBPj0yMDIwMDIyNyuk6bTBPD0yMDIwMDIyNyuz%2BKdPPcFwpliz%2BHy4Z8DZpOmz%2BHzBcKZYsd%2Bz%2BHxVcGFwZXI%3D&sharepage=50&select=1&kind=2&article_date=2020-02-27&news_id=9534978,生技保健 葡萄王、寶齡突圍,"生技股與保健產品有關的個股今（27）日表現相對突出，葡萄王（1707）、寶齡富錦（1760）股價相對走強，今天寶齡富錦一度來到86.3元，漲幅5.3%，葡萄王來到221元，漲幅也有1.8%，成為少數逆勢上漲個股。
國內生技股之 
	                    "
1,20200227,https://udndata.com/ndapp/Story?no=2&page=1&udndbid=udndata&SearchString=qL6szLenqcCq0Suk6bTBPj0yMDIwMDIyNyuk6bTBPD0yMDIwMDIyNyuz%2BKdPPcFwpliz%2BHy4Z8DZpOmz%2BHzBcKZYsd%2Bz%2BHxVcGFwZXI%3D&sharepage=50&select=1&kind=2&article_date=2020-02-27&news_id=9534977,"台股紅翻黑 下測11,300點","政府宣布中央疫情指揮中心提升至一級開設，加上MSCI季度調整將於今（27）日盤後生效，影響多頭信心，台股開高後，空方勢力大增，盤中下探11,300點關卡。
昨日美股開高走低，道瓊指數雖然一度反彈近460點，但收盤漲幅 
	                    "
2,20200227,https://udndata.com/ndapp/Story?no=3&page=1&udndbid=udndata&SearchString=qL6szLenqcCq0Suk6bTBPj0yMDIwMDIyNyuk6bTBPD0yMDIwMDIyNyuz%2BKdPPcFwpliz%2BHy4Z8DZpOmz%2BHzBcKZYsd%2Bz%2BHxVcGFwZXI%3D&sharepage=50&select=1&kind=2&article_date=2020-02-27&news_id=9534427,榮成期 長線布局,"期貨交易必有風險，本專區資訊僅供參考，並不構成邀約、招攬或其他任何建議與推薦，請讀者審慎為之。
近期美國疫情控制中心表示，美國出現新型冠狀病毒社區感染已是不可避免事情，導致美股投資人擔憂疫情擴散，道瓊 
	                    "
0,20200301,https://udndata.com/ndapp/Story?no=1&page=1&udndbid=udndata&SearchString=qL6szLenqcCq0Suk6bTBPj0yMDIwMDMwMSuk6bTBPD0yMDIwMDMwMSuz%2BKdPPcFwpliz%2BHy4Z8DZpOmz%2BHzBcKZYsd%2Bz%2BHxVcGFwZXI%3D&sharepage=50&select=1&kind=2&article_date=2020-03-01&news_id=9536750,華爾街大亨 郭哲榮 看好恆大合世,"上周戰報
「華爾街大亨」郭哲榮上周投資組合報酬率-0.2%，是四位參賽者中表現最好的，他的投資組合中，瑞基的報酬率最高，為28.5%，大幅貢獻整體投組的表現，加高的表現則較不如預期，下跌12%。
瑞基開發新冠肺炎病 
	                    "
1,20200301,https://udndata.com/ndapp/Story?no=2&page=1&udndbid=udndata&SearchString=qL6szLenqcCq0Suk6bTBPj0yMDIwMDMwMSuk6bTBPD0yMDIwMDMwMSuz%2BKdPPcFwpliz%2BHy4Z8DZpOmz%2BHzBcKZYsd%2Bz%2BHxVcGFwZXI%3D&sharepage=50&select=1&kind=2&article_date=2020-03-01&news_id=9536854,群益曾炎裕 技術面有壓,"台股空方氣盛，持續壓抑指數表現，群益投顧副總裁曾炎裕指出，台指上檔11,800點量價背離壓力大，1月高點與季線為沉重的下降壓力，而下檔11,200點進入年線保衛戰，護盤動作會加倍，預估加權指數11,500點上下3%箱型整理 
	                    "
2,20200301,https://udndata.com/ndapp/Story?no=3&page=1&udndbid=udndata&SearchString=qL6szLenqcCq0Suk6bTBPj0yMDIwMDMwMSuk6bTBPD0yMDIwMDMwMSuz%2BKdPPcFwpliz%2BHy4Z8DZpOmz%2BHzBcKZYsd%2Bz%2BHxVcGFwZXI%3D&sharepage=50&select=1&kind=2&article_date=2020-03-01&news_id=9536996,15檔優質股 將率先反彈,"新冠肺炎疫情延燒，台股面臨年線保衛戰，法人認為，3月將在半年線至年線來回打底，疫情逐漸退燒才會出現報復性反彈，南電、神達等15檔5G、伺服器等六大族群優質股，將扮反攻領頭羊。
美股連日崩跌，所幸上周五美聯準 
	                    "
0,20200304,https://udndata.com/ndapp/Story?no=1&page=1&udndbid=udndata&SearchString=qL6szLenqcCq0Suk6bTBPj0yMDIwMDMwNCuk6bTBPD0yMDIwMDMwNCuz%2BKdPPcFwpliz%2BHy4Z8DZpOmz%2BHzBcKZYsd%2Bz%2BHxVcGFwZXI%3D&sharepage=50&select=1&kind=2&article_date=2020-03-04&news_id=9538869,晶相光 選逾90天,"影像感測晶片廠晶相光（3530）挾影像感測器缺貨題材，以及搭上防疫概念股多頭列車，近日股價逆勢抗震，硬挺在月線以上。
受惠安防監控相關產品需求熱絡，晶相光2月營收1.59億元，年增率達150.4%，今年消費、安防、車 
	                    "
1,20200304,https://udndata.com/ndapp/Story?no=2&page=1&udndbid=udndata&SearchString=qL6szLenqcCq0Suk6bTBPj0yMDIwMDMwNCuk6bTBPD0yMDIwMDMwNCuz%2BKdPPcFwpliz%2BHy4Z8DZpOmz%2BHzBcKZYsd%2Bz%2BHxVcGFwZXI%3D&sharepage=50&select=1&kind=2&article_date=2020-03-04&news_id=9538838,花仙子配息3.76元,"花仙子（1730）昨（3）日公告，董事會通過配發現金股利3.76元，以該公司昨日股市收盤價72.7元概算，現金殖利率約5.17%。
花仙子今年1月下旬因新冠肺炎疫情爆發題材加持，股價自70元附近起漲，數日之間上攻百元大關， 
	                    "
2,20200304,https://udndata.com/ndapp/Story?no=3&page=1&udndbid=udndata&SearchString=qL6szLenqcCq0Suk6bTBPj0yMDIwMDMwNCuk6bTBPD0yMDIwMDMwNCuz%2BKdPPcFwpliz%2BHy4Z8DZpOmz%2BHzBcKZYsd%2Bz%2BHxVcGFwZXI%3D&sharepage=50&select=1&kind=2&article_date=2020-03-04&news_id=9538973,宏達電VR新品 強攻企業戶,"拓展企業用戶市場，宏達電（2498）昨（3）日宣布，推出全系列Vive Pro Eye解決方案，透過不同的虛擬實境（VR）產品組合，協助企業進行教育訓練、消費者反饋和分析等。值此新冠肺炎疫情延燒之際，透過VR可以遠端協作， 
	                    "
3,20200304,https://udndata.com/ndapp/Story?no=4&page=1&udndbid=udndata&SearchString=qL6szLenqcCq0Suk6bTBPj0yMDIwMDMwNCuk6bTBPD0yMDIwMDMwNCuz%2BKdPPcFwpliz%2BHy4Z8DZpOmz%2BHzBcKZYsd%2Bz%2BHxVcGFwZXI%3D&sharepage=50&select=1&kind=2&article_date=2020-03-04&news_id=9538957,台積概念股 短多點火,"台股昨（3）日隨國際股市強彈157點，終止連三黑走勢，今年營運展望正向的世芯-KY（3661）等台積電概念股，受惠於短多點火，股價反彈收紅，多檔重登5日線關卡。
新冠肺炎疫情蔓延衝擊全球股市，所幸Fed主席鮑爾出面信 
	                    "
0,20200305,https://udndata.com/ndapp/Story?no=1&page=1&udndbid=udndata&SearchString=qL6szLenqcCq0Suk6bTBPj0yMDIwMDMwNSuk6bTBPD0yMDIwMDMwNSuz%2BKdPPcFwpliz%2BHy4Z8DZpOmz%2BHzBcKZYsd%2Bz%2BHxVcGFwZXI%3D&sharepage=50&select=1&kind=2&article_date=2020-03-05&news_id=9539654,十檔贏家 市值逆勢增,"受到新冠肺炎利空衝擊，台股鼠年紅盤行情不如預期，日前一度下探年線支撐，但仍有台勝科（3532）等十檔個股，挾基本面、籌碼面等優勢，市值逆勢增加逾30億元，堪稱本波最大贏家。
中國大陸新冠肺炎疫情在台股豬年封 
	                    "
1,20200305,https://udndata.com/ndapp/Story?no=2&page=1&udndbid=udndata&SearchString=qL6szLenqcCq0Suk6bTBPj0yMDIwMDMwNSuk6bTBPD0yMDIwMDMwNSuz%2BKdPPcFwpliz%2BHy4Z8DZpOmz%2BHzBcKZYsd%2Bz%2BHxVcGFwZXI%3D&sharepage=50&select=1&kind=2&article_date=2020-03-05&news_id=9539727,記憶體面板LED股 強勢,"受惠外資買盤回籠，台股昨（4）日拉出連二紅，並克服5日線反壓，記憶體、面板、發光二極體（LED）等三大族群，挾股價低基期、報價上漲等雙重題材攜手走高，扮演多方領彈指標。
新冠肺炎疫情全球五大洲延燒，美聯準會 
	                    "
0,20200306,https://udndata.com/ndapp/Story?no=1&page=1&udndbid=udndata&SearchString=qL6szLenqcCq0Suk6bTBPj0yMDIwMDMwNiuk6bTBPD0yMDIwMDMwNiuz%2BKdPPcFwpliz%2BHy4Z8DZpOmz%2BHzBcKZYsd%2Bz%2BHxVcGFwZXI%3D&sharepage=50&select=1&kind=2&article_date=2020-03-06&news_id=9541027,資金避風 生技股一枝獨秀,"生技股愈來愈強，成為今（6）日台股資金避風港，不只是防疫概念股走強，包括學名藥、原料藥今天都表現出色，上市生技股漲幅近2%，上櫃生技股也漲幅近1%，其中，永日（4102）、中化生（1762）及神隆（1789）等盤中都攻 
	                    "
1,20200306,https://udndata.com/ndapp/Story?no=2&page=1&udndbid=udndata&SearchString=qL6szLenqcCq0Suk6bTBPj0yMDIwMDMwNiuk6bTBPD0yMDIwMDMwNiuz%2BKdPPcFwpliz%2BHy4Z8DZpOmz%2BHzBcKZYsd%2Bz%2BHxVcGFwZXI%3D&sharepage=50&select=1&kind=2&article_date=2020-03-06&news_id=9540857,信驊創天價 台股再現三千金,"台股昨（5）日連三紅，高價股普遍收紅激勵多方士氣，排名前100檔個股僅七檔下跌、五檔收平盤，調高全年展望的信驊更是強勢漲停、創1,095元天價，擠下矽力-KY成為股后，這也是3月第二度出現收盤「三千金」榮景。
雖然 
	                    "
0,20200307,https://udndata.com/ndapp/Story?no=1&page=1&udndbid=udndata&SearchString=qL6szLenqcCq0Suk6bTBPj0yMDIwMDMwNyuk6bTBPD0yMDIwMDMwNyuz%2BKdPPcFwpliz%2BHy4Z8DZpOmz%2BHzBcKZYsd%2Bz%2BHxVcGFwZXI%3D&sharepage=50&select=1&kind=2&article_date=2020-03-07&news_id=9541528,生醫宅經濟概念 勇健,"金融市場近期像雲霄飛車一樣，讓投資人在天堂與地獄之間徘徊，主因還是新冠肺炎疫情變化。從新增確診人數來看，中國大陸已受控制，但是義大利、南韓、伊朗、日本等地仍嚴重，國際上可能還沒到達疫情高峰期，且各區域 
	                    "
0,20200308,https://udndata.com/ndapp/Story?no=1&page=1&udndbid=udndata&SearchString=qL6szLenqcCq0Suk6bTBPj0yMDIwMDMwOCuk6bTBPD0yMDIwMDMwOCuz%2BKdPPcFwpliz%2BHy4Z8DZpOmz%2BHzBcKZYsd%2Bz%2BHxVcGFwZXI%3D&sharepage=50&select=1&kind=2&article_date=2020-03-08&news_id=9542040,挑戰者  郭哲榮  青睞榮群永日,"上周戰報
「華爾街大亨」郭哲榮上周投資組合報酬率-1.7%，投組中，恆大的報酬率最高，有8.4%；美德醫療-DR的表現則較不如預期，下跌9.9%。
恆大所生產的SMS複合不織布為醫療級口罩生產的原料，口罩產能占全國產量前 
	                    "
1,20200308,https://udndata.com/ndapp/Story?no=2&page=1&udndbid=udndata&SearchString=qL6szLenqcCq0Suk6bTBPj0yMDIwMDMwOCuk6bTBPD0yMDIwMDMwOCuz%2BKdPPcFwpliz%2BHy4Z8DZpOmz%2BHzBcKZYsd%2Bz%2BHxVcGFwZXI%3D&sharepage=50&select=1&kind=2&article_date=2020-03-08&news_id=9541989,挑戰者 李世新選偉詮電譜瑞,"上周戰報
「新世紀投資戰士」李世新上周的投資組合下挫0.3%，不如大盤0.2%的漲幅，虛擬資產縮水到488萬元。他上周持有的五檔個股中，以葡萄王（1707）表現最優，繼前一周上漲3.7%之後，上周再漲3.6%，主要是因為益生 
	                    "
0,20200309,https://udndata.com/ndapp/Story?no=1&page=1&udndbid=udndata&SearchString=qL6szLenqcCq0Suk6bTBPj0yMDIwMDMwOSuk6bTBPD0yMDIwMDMwOSuz%2BKdPPcFwpliz%2BHy4Z8DZpOmz%2BHzBcKZYsd%2Bz%2BHxVcGFwZXI%3D&sharepage=50&select=1&kind=2&article_date=2020-03-09&news_id=9543034,台嘉碩,"因子公司調整尚未結束，台嘉碩（3221）去年雖然營收創歷史新高，然而獲利確可能是近幾年來的最低。不過，今年公司有明顯轉機，包含兩家主要子公司因5G、wifi 6將有明顯成長，從獲利包袱轉為金雞母。
嘉碩生醫篩檢血 
	                    "
1,20200309,https://udndata.com/ndapp/Story?no=2&page=1&udndbid=udndata&SearchString=qL6szLenqcCq0Suk6bTBPj0yMDIwMDMwOSuk6bTBPD0yMDIwMDMwOSuz%2BKdPPcFwpliz%2BHy4Z8DZpOmz%2BHzBcKZYsd%2Bz%2BHxVcGFwZXI%3D&sharepage=50&select=1&kind=2&article_date=2020-03-09&news_id=9543144,投資情報站,"指標股：紘康（6457）即使遭到警示處置，股價今日仍舊攻上漲停板並出現震盪，疫情蔓延全球將使醫材股的後續仍被關注，也是盤面少數多頭指標族群。
技術分析：今日大盤跳空下跌，盤中帶量跌破年線，籌碼凌亂；後續多 
	                    "
0,20200310,https://udndata.com/ndapp/Story?no=1&page=1&udndbid=udndata&SearchString=qL6szLenqcCq0Suk6bTBPj0yMDIwMDMxMCuk6bTBPD0yMDIwMDMxMCuz%2BKdPPcFwpliz%2BHy4Z8DZpOmz%2BHzBcKZYsd%2Bz%2BHxVcGFwZXI%3D&sharepage=50&select=1&kind=2&article_date=2020-03-10&news_id=9543945,獲利賣壓浮現 防疫概念股大逃殺,"全球恐慌情緒大增，恐慌指數直逼金融海嘯水位，本波強勢指標、生技股中的防疫概念股也紛紛出現回檔，甚至多檔個股打落跌停，反應在恐慌蔓延下，即便強勢股也出現獲利了結、落袋為安的心態。
包括神隆（1789）、合世 
	                    "
0,20200312,https://udndata.com/ndapp/Story?no=1&page=1&udndbid=udndata&SearchString=qL6szLenqcCq0Suk6bTBPj0yMDIwMDMxMiuk6bTBPD0yMDIwMDMxMiuz%2BKdPPcFwpliz%2BHy4Z8DZpOmz%2BHzBcKZYsd%2Bz%2BHxVcGFwZXI%3D&sharepage=50&select=1&kind=2&article_date=2020-03-12&news_id=9544948,低基期電子股 抗跌,"台股昨（11）日受制於外資擴大賣超至207億元，再度拉回109點，不少強勢股紛紛收低，但晶豪科（3006）等電子股，挾股價低基期、法人籌碼穩定等優勢，展現抗跌力道，扮演盤面多方明燈。
美國總統川普祭出了紓困措施， 
	                    "
0,20200313,https://udndata.com/ndapp/Story?no=1&page=1&udndbid=udndata&SearchString=qL6szLenqcCq0Suk6bTBPj0yMDIwMDMxMyuk6bTBPD0yMDIwMDMxMyuz%2BKdPPcFwpliz%2BHy4Z8DZpOmz%2BHzBcKZYsd%2Bz%2BHxVcGFwZXI%3D&sharepage=50&select=1&kind=2&article_date=2020-03-13&news_id=9545825,疫情衝擊全球股市 長線布局科技保健,"新冠肺炎疫情持續影響市場，全球股市持續修正，新興亞股亦無法倖免。根據統計，今年以來新興亞洲累計遭外資賣出125.6億美元。
中國信託台灣活力基金經理人周俊宏表示，隨著確診病例在世界各國陸續增加，對全球股市造 
	                    "
0,20200314,https://udndata.com/ndapp/Story?no=1&page=1&udndbid=udndata&SearchString=qL6szLenqcCq0Suk6bTBPj0yMDIwMDMxNCuk6bTBPD0yMDIwMDMxNCuz%2BKdPPcFwpliz%2BHy4Z8DZpOmz%2BHzBcKZYsd%2Bz%2BHxVcGFwZXI%3D&sharepage=50&select=1&kind=2&article_date=2020-03-14&news_id=9546696,松翰配發2.1元股息,"微控制器（MCU）廠商松翰於昨（13）日公布去年每股純益為2.03元，並擬配發每股現金股利2.1元，盈餘配發率超過100％。興櫃MCU廠商應廣昨日公布公開申購承銷價為每股42元。
松翰是近期的新冠肺炎防疫概念股之一，去年 
	                    "
0,20200315,https://udndata.com/ndapp/Story?no=1&page=1&udndbid=udndata&SearchString=qL6szLenqcCq0Suk6bTBPj0yMDIwMDMxNSuk6bTBPD0yMDIwMDMxNSuz%2BKdPPcFwpliz%2BHy4Z8DZpOmz%2BHzBcKZYsd%2Bz%2BHxVcGFwZXI%3D&sharepage=50&select=1&kind=2&article_date=2020-03-15&news_id=9547561,國光生 前二月營收躍進,"連防疫概念股的國光生技（4142）上周五（13日）股價跌幅近8%。國光生技2月營收表現不錯，自結營收459萬元，累計今年前二月自結營收3.61億元，較去年同期營收0.34億元，成長幅度為935%。
為因應當前新型冠肺炎疫情， 
	                    "
1,20200315,https://udndata.com/ndapp/Story?no=2&page=1&udndbid=udndata&SearchString=qL6szLenqcCq0Suk6bTBPj0yMDIwMDMxNSuk6bTBPD0yMDIwMDMxNSuz%2BKdPPcFwpliz%2BHy4Z8DZpOmz%2BHzBcKZYsd%2Bz%2BHxVcGFwZXI%3D&sharepage=50&select=1&kind=2&article_date=2020-03-15&news_id=9547299,挑戰者 李世新 選台耀中美晶,"上周戰報
「新世紀投資戰士」李世新上周的投資組合大跌14.3%，不如大盤10.5%的跌幅，虛擬資產縮水到418.2萬元。他上周持有的五檔個股全都收黑，但續抱股葡萄王（1707）連三周表現最強，上周雖然下挫8.3%，但仍然最抗 
	                    "
2,20200315,https://udndata.com/ndapp/Story?no=3&page=1&udndbid=udndata&SearchString=qL6szLenqcCq0Suk6bTBPj0yMDIwMDMxNSuk6bTBPD0yMDIwMDMxNSuz%2BKdPPcFwpliz%2BHy4Z8DZpOmz%2BHzBcKZYsd%2Bz%2BHxVcGFwZXI%3D&sharepage=50&select=1&kind=2&article_date=2020-03-15&news_id=9547283,周冠軍 郭哲榮 看好台耀臻鼎,"上周戰報
「華爾街大亨」郭哲榮上周投資組合報酬率-9.8%，投組中，榮群、美德醫療-DR、永日跌幅介於0.5%至5.7%，表現相對指數抗跌，盛弘，以及中化生跌幅則各為18.7%、23%，拖累績效。
疫情升溫，美德醫療-DR、永日 
	                    "
3,20200315,https://udndata.com/ndapp/Story?no=4&page=1&udndbid=udndata&SearchString=qL6szLenqcCq0Suk6bTBPj0yMDIwMDMxNSuk6bTBPD0yMDIwMDMxNSuz%2BKdPPcFwpliz%2BHy4Z8DZpOmz%2BHzBcKZYsd%2Bz%2BHxVcGFwZXI%3D&sharepage=50&select=1&kind=2&article_date=2020-03-15&news_id=9547414,華南儲祥生 挑5G矽晶圓,"台股投資人上周經歷了罕見且令人驚心動魄的大幅震盪走勢。華南投顧董事長儲祥生指出，本波疫情造成全球股市重挫回檔，不失為績優成長股另一次的大波段布局買點，包括5G基礎建設、記憶體、矽晶圓、CIS感測元件等皆可持 
	                    "
4,20200315,https://udndata.com/ndapp/Story?no=5&page=1&udndbid=udndata&SearchString=qL6szLenqcCq0Suk6bTBPj0yMDIwMDMxNSuk6bTBPD0yMDIwMDMxNSuz%2BKdPPcFwpliz%2BHy4Z8DZpOmz%2BHzBcKZYsd%2Bz%2BHxVcGFwZXI%3D&sharepage=50&select=1&kind=2&article_date=2020-03-15&news_id=9547532,外資買ETF 美債陸股最多,"外資上周大賣台股1,514億元，創單周賣超最大紀錄，但外資也買超不少ETF，以不計入槓反ETF觀察，外資青睞的ETF以美債、陸股為首選。法人指出，長天期美國公債ETF是很好的避險工具，中國大陸疫情趨緩，陸股近一周僅下跌 
	                    "
0,20200317,https://udndata.com/ndapp/Story?no=1&page=1&udndbid=udndata&SearchString=qL6szLenqcCq0Suk6bTBPj0yMDIwMDMxNyuk6bTBPD0yMDIwMDMxNyuz%2BKdPPcFwpliz%2BHy4Z8DZpOmz%2BHzBcKZYsd%2Bz%2BHxVcGFwZXI%3D&sharepage=50&select=1&kind=2&article_date=2020-03-17&news_id=9548661,14檔高價股 抗跌悍將,"美聯準會（Fed）大動作降息引發市場擔憂，台股昨（16）日再度失守萬點，但仍有南六（6504）、超商雙雄等高價股挾基本面、籌碼面優勢，逆勢收在平盤以上，展現抗跌力道。
歐美地區新冠肺炎疫情持續惡化，Fed緊急降息 
	                    "
0,20200318,https://udndata.com/ndapp/Story?no=1&page=1&udndbid=udndata&SearchString=qL6szLenqcCq0Suk6bTBPj0yMDIwMDMxOCuk6bTBPD0yMDIwMDMxOCuz%2BKdPPcFwpliz%2BHy4Z8DZpOmz%2BHzBcKZYsd%2Bz%2BHxVcGFwZXI%3D&sharepage=50&select=1&kind=2&article_date=2020-03-18&news_id=9549891,基亞,"基亞（3176）子公司報喜，躍身成為防疫概念股，今天開盤股價亮燈鎖漲停價41.55元，委買量達1,500餘張。基亞代子公司TBG Diagnostics Ltd.公布取得新冠肺炎病毒檢測試劑盒的歐盟CE認證，基亞持股51.76%。
基亞子公司 
	                    "
1,20200318,https://udndata.com/ndapp/Story?no=2&page=1&udndbid=udndata&SearchString=qL6szLenqcCq0Suk6bTBPj0yMDIwMDMxOCuk6bTBPD0yMDIwMDMxOCuz%2BKdPPcFwpliz%2BHy4Z8DZpOmz%2BHzBcKZYsd%2Bz%2BHxVcGFwZXI%3D&sharepage=50&select=1&kind=2&article_date=2020-03-18&news_id=9549432,創意智原 四檔可短打,"美股持續遭逢空方壓制，台股昨（17）日連五黑，創意（3443）、智原（3035）二檔「三無經濟概念股」跌深後領先翻紅，券商建議，搶反彈的投資人可透過權證的槓桿效果，擴大獲利空間。
新冠肺炎疫情全球肆虐，連原本信 
	                    "
2,20200318,https://udndata.com/ndapp/Story?no=3&page=1&udndbid=udndata&SearchString=qL6szLenqcCq0Suk6bTBPj0yMDIwMDMxOCuk6bTBPD0yMDIwMDMxOCuz%2BKdPPcFwpliz%2BHy4Z8DZpOmz%2BHzBcKZYsd%2Bz%2BHxVcGFwZXI%3D&sharepage=50&select=1&kind=2&article_date=2020-03-18&news_id=9549476,伺服器供應鏈 止跌反彈,"美股再度崩跌，台股昨（17）日持續探底，但因離10年線9,112點僅剩300多點，部分搶短買盤開始進場，營運展望佳的金像電（2368）等伺服器供應鏈成為點火標的，股價普遍止跌反彈。
美國總統川普坦承，美國新冠肺炎疫情 
	                    "
3,20200318,https://udndata.com/ndapp/Story?no=4&page=1&udndbid=udndata&SearchString=qL6szLenqcCq0Suk6bTBPj0yMDIwMDMxOCuk6bTBPD0yMDIwMDMxOCuz%2BKdPPcFwpliz%2BHy4Z8DZpOmz%2BHzBcKZYsd%2Bz%2BHxVcGFwZXI%3D&sharepage=50&select=1&kind=2&article_date=2020-03-18&news_id=9549666,信用交易將放寬 生醫股受惠,"生技醫療產業在這波疫情海嘯襲來之際，防疫概念股更成國際利空下的寵兒。依財團法人生物技術開發中心產業資訊組組長許毓真表示，因應疫情發展，在診斷、治療、預防、保健各方面的需求急速湧現，更激起政府加速推動組 
	                    "
0,20200322,https://udndata.com/ndapp/Story?no=1&page=1&udndbid=udndata&SearchString=qL6szLenqcCq0Suk6bTBPj0yMDIwMDMyMiuk6bTBPD0yMDIwMDMyMiuz%2BKdPPcFwpliz%2BHy4Z8DZpOmz%2BHzBcKZYsd%2Bz%2BHxVcGFwZXI%3D&sharepage=50&select=1&kind=2&article_date=2020-03-22&news_id=9552752,毛寶防疫題材熱 業績升溫,"新冠肺炎疫情橫掃，全球股市倒成一片，國內清潔用品大廠毛寶因為搭上「防疫概念股」順風車，上周股價不僅「萬綠叢中一點紅」，且單周逆勢大漲超過兩成，成為名符其實的飆股。
新冠肺炎蔓延全球，各項防疫商品賣翻天 
	                    "
0,20200323,https://udndata.com/ndapp/Story?no=1&page=1&udndbid=udndata&SearchString=qL6szLenqcCq0Suk6bTBPj0yMDIwMDMyMyuk6bTBPD0yMDIwMDMyMyuz%2BKdPPcFwpliz%2BHy4Z8DZpOmz%2BHzBcKZYsd%2Bz%2BHxVcGFwZXI%3D&sharepage=50&select=1&kind=2&article_date=2020-03-23&news_id=9553230,床的世界 彰化逆勢拓點,"新冠肺炎疫情擴散，宅在家時間大增，睡眠又是抗疫關鍵，床的世界（2938）助眠科技床墊暢銷，躋身防疫概念股之林，昨（22）日逆勢新開彰化館，全台直營通路達34家，不排除今年再進軍花蓮、台東市場，挺進東台灣版圖。 
	                    "
0,20200324,https://udndata.com/ndapp/Story?no=1&page=1&udndbid=udndata&SearchString=qL6szLenqcCq0Suk6bTBPj0yMDIwMDMyNCuk6bTBPD0yMDIwMDMyNCuz%2BKdPPcFwpliz%2BHy4Z8DZpOmz%2BHzBcKZYsd%2Bz%2BHxVcGFwZXI%3D&sharepage=50&select=1&kind=2&article_date=2020-03-24&news_id=9553981,新基建概念股 出頭天,"台股昨（23）日隨國際股市拉回，再度失守10年線9,107點，但功率放大器（PA）、散熱、伺服器等中國大陸「新基建」概念股，產業能見度相對較高，吸引搶短買盤卡位，扮演盤面多方明燈。
新冠肺炎疫情在歐美地區持續擴散 
	                    "
0,20200325,https://udndata.com/ndapp/Story?no=1&page=1&udndbid=udndata&SearchString=qL6szLenqcCq0Suk6bTBPj0yMDIwMDMyNSuk6bTBPD0yMDIwMDMyNSuz%2BKdPPcFwpliz%2BHy4Z8DZpOmz%2BHzBcKZYsd%2Bz%2BHxVcGFwZXI%3D&sharepage=50&select=1&kind=2&article_date=2020-03-25&news_id=9554754,IC設計光通訊 可留意,"盤勢分析
新冠肺炎疫情在歐美快速擴散，除了義大利死亡人數超越中國大陸之外，美國紐約州、華盛頓州、加州更成為重災區，但美國民主黨宣布要推出自家版的2.5兆美元刺激計畫激勵下，美國期貨電子盤大盤，帶動台股昨（ 
	                    "
0,20200328,https://udndata.com/ndapp/Story?no=1&page=1&udndbid=udndata&SearchString=qL6szLenqcCq0Suk6bTBPj0yMDIwMDMyOCuk6bTBPD0yMDIwMDMyOCuz%2BKdPPcFwpliz%2BHy4Z8DZpOmz%2BHzBcKZYsd%2Bz%2BHxVcGFwZXI%3D&sharepage=50&select=1&kind=2&article_date=2020-03-28&news_id=9557560,上證單周小紅,"中國疫情控制得宜，市場逐步恢復信心，市場消費開始活絡，有助於後續經濟數據出現好轉。本周上證指數單周小漲0.26%，收在2,772.20點；深圳指數單周小跌0.46%，收在1,771.85點。
隨中國疫情緩和，市場預期在疫情高峰 
	                    "
0,20200330,https://udndata.com/ndapp/Story?no=1&page=1&udndbid=udndata&SearchString=qL6szLenqcCq0Suk6bTBPj0yMDIwMDMzMCuk6bTBPD0yMDIwMDMzMCuz%2BKdPPcFwpliz%2BHy4Z8DZpOmz%2BHzBcKZYsd%2Bz%2BHxVcGFwZXI%3D&sharepage=50&select=1&kind=2&article_date=2020-03-30&news_id=9558899,投資情報站,"指標股：疫情持續延燒，旭富（4119）股價再度挑戰140元，母公司三商（2905）今攻漲停；在疫情之下，防疫概念股先由口罩概念股點火，持續帶動試劑、疫苗、藥品等。
關鍵數據：今摩台期結算，價差有收斂現象。
技術分 
	                    "
1,20200330,https://udndata.com/ndapp/Story?no=2&page=1&udndbid=udndata&SearchString=qL6szLenqcCq0Suk6bTBPj0yMDIwMDMzMCuk6bTBPD0yMDIwMDMzMCuz%2BKdPPcFwpliz%2BHy4Z8DZpOmz%2BHzBcKZYsd%2Bz%2BHxVcGFwZXI%3D&sharepage=50&select=1&kind=2&article_date=2020-03-30&news_id=9558976,台股開低走高 力拚站回5日均線,"受到歐美股市上周五走跌影響，台股今天早盤跌破5日線，盤中曾一度重挫283點，不過，盤中見到資金進場，拉高指數收斂跌幅，多頭力拚站上5日線及9600點關卡。
美國確診病例數超越中國大陸成為全球確診數最多的國家，美 
	                    "
0,20200331,https://udndata.com/ndapp/Story?no=1&page=1&udndbid=udndata&SearchString=qL6szLenqcCq0Suk6bTBPj0yMDIwMDMzMSuk6bTBPD0yMDIwMDMzMSuz%2BKdPPcFwpliz%2BHy4Z8DZpOmz%2BHzBcKZYsd%2Bz%2BHxVcGFwZXI%3D&sharepage=50&select=1&kind=2&article_date=2020-03-31&news_id=9559151,遠距電子內需消費 可短打,"台股昨（30）日量縮整理、開低走高，指數回測5日均線有撐。法人認為，台股在上周急彈下，進入窄幅整理機會大，投資人可搶短，但不建議追高殺低，以買黑賣紅，高出低進、區間操作為宜，族群上可以留意生技醫療、遠距電 
	                    "
0,20200401,https://udndata.com/ndapp/Story?no=1&page=1&udndbid=udndata&SearchString=qL6szLenqcCq0Suk6bTBPj0yMDIwMDQwMSuk6bTBPD0yMDIwMDQwMSuz%2BKdPPcFwpliz%2BHy4Z8DZpOmz%2BHzBcKZYsd%2Bz%2BHxVcGFwZXI%3D&sharepage=50&select=1&kind=2&article_date=2020-04-01&news_id=9560434,測溫槍拉貨 MCU雙將衝鋒,"美國新冠肺炎死亡人數超越中國大陸，IC設計防疫概念族群再度翻紅，測溫槍MCU晶片紘康（6457）、松翰（5471）第二季拉貨動能強勁、帶頭領漲，其中紘康直攻漲停，帶動其他MCU族群盛群（6202）及九齊（6494）股價上揚。 
	                    "
0,20200402,https://udndata.com/ndapp/Story?no=1&page=1&udndbid=udndata&SearchString=qL6szLenqcCq0Suk6bTBPj0yMDIwMDQwMiuk6bTBPD0yMDIwMDQwMiuz%2BKdPPcFwpliz%2BHy4Z8DZpOmz%2BHzBcKZYsd%2Bz%2BHxVcGFwZXI%3D&sharepage=50&select=1&kind=2&article_date=2020-04-02&news_id=9560633,IC設計CIS族群 搶鏡,"台股昨（1）日受制於追價力道有限，量縮收小黑，但今年展望相對樂觀的IC設計、CMOS影像感測器（CIS）兩大族群仍獲買盤積極卡位，鈺太（6679）、同欣電等多檔個股強勢收紅，匯聚多方人氣。
美股期貨電子盤走跌，以及 
	                    "
0,20200403,https://udndata.com/ndapp/Story?no=1&page=1&udndbid=udndata&SearchString=qL6szLenqcCq0Suk6bTBPj0yMDIwMDQwMyuk6bTBPD0yMDIwMDQwMyuz%2BKdPPcFwpliz%2BHy4Z8DZpOmz%2BHzBcKZYsd%2Bz%2BHxVcGFwZXI%3D&sharepage=50&select=1&kind=2&article_date=2020-04-03&news_id=9561498,防疫概念股 聚焦,"新冠肺炎疫情持續主導市場情緒， 法人表示，全球股市受到疫情衝擊影響擴大，目前疫情尚未見到高峰，投資人現階段可留意宅經濟及防疫概念股，適時增加固定收益商品或黃金等避險型投資標的。
富邦證券表示，隨著疫情惡 
	                    "
1,20200403,https://udndata.com/ndapp/Story?no=2&page=1&udndbid=udndata&SearchString=qL6szLenqcCq0Suk6bTBPj0yMDIwMDQwMyuk6bTBPD0yMDIwMDQwMyuz%2BKdPPcFwpliz%2BHy4Z8DZpOmz%2BHzBcKZYsd%2Bz%2BHxVcGFwZXI%3D&sharepage=50&select=1&kind=2&article_date=2020-04-03&news_id=9561335,疫期理財 留意宅經濟概念股,"新冠肺炎疫情全球蔓延，統計至3月27日止，目前全球已超過有53萬人確診，影響所及從供應端的世界工廠中國，擴散到需求端的歐美市場。富邦證券表示，全球股市受到疫情衝擊影響擴大，目前疫情尚未見到高峰，投資人現階段 
	                    "
0,20200404,https://udndata.com/ndapp/Story?no=1&page=1&udndbid=udndata&SearchString=qL6szLenqcCq0Suk6bTBPj0yMDIwMDQwNCuk6bTBPD0yMDIwMDQwNCuz%2BKdPPcFwpliz%2BHy4Z8DZpOmz%2BHzBcKZYsd%2Bz%2BHxVcGFwZXI%3D&sharepage=50&select=1&kind=2&article_date=2020-04-04&news_id=9562478,首季財報倒數 龍頭股驚驚,"上市櫃公司近期將陸續揭露今年第一季營收，由於新冠肺炎疫情，美國、歐洲、中國大陸等主要消費市場更相繼頒布「禁足令」，導致全球經濟將出現衰退；過往引領台股的台積電（2330）、鴻海（2317）、大立光（3008）等指 
	                    "
1,20200404,https://udndata.com/ndapp/Story?no=2&page=1&udndbid=udndata&SearchString=qL6szLenqcCq0Suk6bTBPj0yMDIwMDQwNCuk6bTBPD0yMDIwMDQwNCuz%2BKdPPcFwpliz%2BHy4Z8DZpOmz%2BHzBcKZYsd%2Bz%2BHxVcGFwZXI%3D&sharepage=50&select=1&kind=2&article_date=2020-04-04&news_id=9562161,盛群 紘康 松翰 接單熱,"微控制器（MCU）廠包括盛群（6202）、紘康、松翰等，受惠新冠肺炎疫情、成為防疫概念股，目前松翰的接單量最大，盛群與紘康也各有滿手訂單。
松翰前二月合併營收則為3.81億元，年增4.4％。松翰的產品線主要分三大類 
	                    "
2,20200404,https://udndata.com/ndapp/Story?no=3&page=1&udndbid=udndata&SearchString=qL6szLenqcCq0Suk6bTBPj0yMDIwMDQwNCuk6bTBPD0yMDIwMDQwNCuz%2BKdPPcFwpliz%2BHy4Z8DZpOmz%2BHzBcKZYsd%2Bz%2BHxVcGFwZXI%3D&sharepage=50&select=1&kind=2&article_date=2020-04-04&news_id=9562295,股價創高族群 打敗黑天鵝,"台股第1季狂挨「熊掌」，指數大跌2,289點或19%，法人、散戶資金展開大逃殺，但仍有金像電等多檔個股挾基本面、籌碼面等優異條件逆勢突圍，1日收盤創今年新高，凌華、紘康等更漲逾二成，將扮演盤面強勢指標。
新冠肺 
	                    "
0,20200405,https://udndata.com/ndapp/Story?no=1&page=1&udndbid=udndata&SearchString=qL6szLenqcCq0Suk6bTBPj0yMDIwMDQwNSuk6bTBPD0yMDIwMDQwNSuz%2BKdPPcFwpliz%2BHy4Z8DZpOmz%2BHzBcKZYsd%2Bz%2BHxVcGFwZXI%3D&sharepage=50&select=1&kind=2&article_date=2020-04-05&news_id=9562742,衛冕者 許豐祿 押寶博智泰碩,"上周戰報
「股市豐神榜」許豐祿上周投資組合報酬率0.8%，投資組合中，除了基亞外，其餘標的都繳出正報酬，其中，良維漲4%，表現最佳；正崴居次，漲3.1%；健亞第三，漲2.7%。
良維目前有亞馬遜、中國騰訊以及美國設 
	                    "
0,20200407,https://udndata.com/ndapp/Story?no=1&page=1&udndbid=udndata&SearchString=qL6szLenqcCq0Suk6bTBPj0yMDIwMDQwNyuk6bTBPD0yMDIwMDQwNyuz%2BKdPPcFwpliz%2BHy4Z8DZpOmz%2BHzBcKZYsd%2Bz%2BHxVcGFwZXI%3D&sharepage=50&select=1&kind=2&article_date=2020-04-07&news_id=9564026,5G基建三族群 強勢,"台股昨（6）日受惠於美股期貨電子盤上漲，收盤重登9,800點關卡，散熱、功率放大器（PA）、銅箔基板（CCL）等三大族群挾5G基建題材，股價點火走揚，多檔個股創本波反彈來新高。
隨3月營收進入密集公布期，短多買盤積 
	                    "
1,20200407,https://udndata.com/ndapp/Story?no=2&page=1&udndbid=udndata&SearchString=qL6szLenqcCq0Suk6bTBPj0yMDIwMDQwNyuk6bTBPD0yMDIwMDQwNyuz%2BKdPPcFwpliz%2BHy4Z8DZpOmz%2BHzBcKZYsd%2Bz%2BHxVcGFwZXI%3D&sharepage=50&select=1&kind=2&article_date=2020-04-07&news_id=9564015,百元IC族群 扮多頭先鋒,"台股昨（6）日拉升百點，挑戰上檔月線反壓，盤面類股多有表現，其中，原相（3227）、神盾等百元高價IC股各挾題材，表現強勢，匯聚多方量能，扮演行情推手。
連假結束，台股首日交易溫和放量，買盤除敲進防疫概念股， 
	                    "
0,20200408,https://udndata.com/ndapp/Story?no=1&page=1&udndbid=udndata&SearchString=qL6szLenqcCq0Suk6bTBPj0yMDIwMDQwOCuk6bTBPD0yMDIwMDQwOCuz%2BKdPPcFwpliz%2BHy4Z8DZpOmz%2BHzBcKZYsd%2Bz%2BHxVcGFwZXI%3D&sharepage=50&select=1&kind=2&article_date=2020-04-08&news_id=9565266,權值股挺 台股站萬點,"美股昨（7）日開高走低，因市場樂觀情緒未能延續，道瓊指數終場回吐900點漲幅小跌，不過，台股今日走出自己的路，指數開盤小漲隨即躍過萬點，儘管一度面臨壓力翻黑；惟在鴻海（2317）、大立光、台積電等權值股支撐下 
	                    "
0,20200410,https://udndata.com/ndapp/Story?no=1&page=1&udndbid=udndata&SearchString=qL6szLenqcCq0Suk6bTBPj0yMDIwMDQxMCuk6bTBPD0yMDIwMDQxMCuz%2BKdPPcFwpliz%2BHy4Z8DZpOmz%2BHzBcKZYsd%2Bz%2BHxVcGFwZXI%3D&sharepage=50&select=1&kind=2&article_date=2020-04-10&news_id=9566292,汽車零件 車電 資金轉進,"台股昨（9）日受制於外資調節，拉回收小黑，強勢股獲利賣壓湧現，資金轉戰低基期、籌碼輕優勢的中低價股，智伸科（4551）、同致等汽車零件與車用電子族群獲得短多青睞，股價點火走高。
雖美股四大指數收紅激勵亞股普 
	                    "
1,20200410,https://udndata.com/ndapp/Story?no=2&page=1&udndbid=udndata&SearchString=qL6szLenqcCq0Suk6bTBPj0yMDIwMDQxMCuk6bTBPD0yMDIwMDQxMCuz%2BKdPPcFwpliz%2BHy4Z8DZpOmz%2BHzBcKZYsd%2Bz%2BHxVcGFwZXI%3D&sharepage=50&select=1&kind=2&article_date=2020-04-10&news_id=9566288,九檔擁利基 寫今年新高價,"盤勢震盪，台股昨（9）日個股漲跌互見，惟恆大（1325）、富邦媒等挾營運利基和題材熱度，吸引資金持續敲進，推升股價創下今年收盤新高。
台股昨小幅開高，盤中一度漲逾百點，惟指數走揚增加籌碼出脫壓力，早盤即回測 
	                    "
0,20200411,https://udndata.com/ndapp/Story?no=1&page=1&udndbid=udndata&SearchString=qL6szLenqcCq0Suk6bTBPj0yMDIwMDQxMSuk6bTBPD0yMDIwMDQxMSuz%2BKdPPcFwpliz%2BHy4Z8DZpOmz%2BHzBcKZYsd%2Bz%2BHxVcGFwZXI%3D&sharepage=50&select=1&kind=2&article_date=2020-04-11&news_id=9567032,低基期傳產股 資金轉進,"台股昨（10）日在高檔壓力區前震盪換手，市場資金轉進低基期族群，中低價銅板股活蹦亂跳，東元（1504）、南港等多檔題材性傳產股，股價大幅拉升，匯聚盤面多頭人氣。
美聯準會（Fed）加碼推出2.3兆美元刺激方案，援 
	                    "
0,20200412,https://udndata.com/ndapp/Story?no=1&page=1&udndbid=udndata&SearchString=qL6szLenqcCq0Suk6bTBPj0yMDIwMDQxMiuk6bTBPD0yMDIwMDQxMiuz%2BKdPPcFwpliz%2BHy4Z8DZpOmz%2BHzBcKZYsd%2Bz%2BHxVcGFwZXI%3D&sharepage=50&select=1&kind=2&article_date=2020-04-12&news_id=9567706,生醫防疫股 營運受關注,"新冠肺炎肆虐，投資人關注焦點生技醫療及健康產業，臺灣證券交易所邀請新藥研發、原料藥、醫材及運動休閒等相關上市公司於15日和17日舉行業績發表會，應邀參加的公司有台耀、南六、柏文、和康生、美時、永信等公司。 
	                    "
0,20200413,https://udndata.com/ndapp/Story?no=1&page=1&udndbid=udndata&SearchString=qL6szLenqcCq0Suk6bTBPj0yMDIwMDQxMyuk6bTBPD0yMDIwMDQxMyuz%2BKdPPcFwpliz%2BHy4Z8DZpOmz%2BHzBcKZYsd%2Bz%2BHxVcGFwZXI%3D&sharepage=50&select=1&kind=2&article_date=2020-04-13&news_id=9568712,弘裕、三洋紡拚轉機亮燈,"低價紡織股搭上防疫概念股順風車，在轉機題材發燒下，吸引買盤進場，三洋紡（1472）、弘裕（1474）兩檔個股今日股價盤中雙雙攻頂，分別以12.3元、9.66元鎖在漲停價位。
弘裕因擴展台灣醫療紡織事業通路，並接獲隔離 
	                    "
0,20200418,https://udndata.com/ndapp/Story?no=1&page=1&udndbid=udndata&SearchString=qL6szLenqcCq0Suk6bTBPj0yMDIwMDQxOCuk6bTBPD0yMDIwMDQxOCuz%2BKdPPcFwpliz%2BHy4Z8DZpOmz%2BHzBcKZYsd%2Bz%2BHxVcGFwZXI%3D&sharepage=50&select=1&kind=2&article_date=2020-04-18&news_id=9571960,台塑生醫仿日照儀 居家光療首選,"新冠肺炎疫情使台塑生醫成為防疫概念股，抗菌、抗病毒產品需求爆量，通過國家SNQ防疫認證、兼具抗菌及抗病毒功效的噴霧產品為大熱門。在董事長王瑞瑜帶領下，台塑生醫也跨入「預防醫學」，去年台灣醫療科技展首度展出 
	                    "
0,20200419,https://udndata.com/ndapp/Story?no=1&page=1&udndbid=udndata&SearchString=qL6szLenqcCq0Suk6bTBPj0yMDIwMDQxOSuk6bTBPD0yMDIwMDQxOSuz%2BKdPPcFwpliz%2BHy4Z8DZpOmz%2BHzBcKZYsd%2Bz%2BHxVcGFwZXI%3D&sharepage=50&select=1&kind=2&article_date=2020-04-19&news_id=9572647,挑戰者 陳彥蓉 選大立光廣錠,"上周戰報
「股市A指標」陳彥蓉上周投資組合報酬率2.0%，雖小輸大盤，但投資組合中，僅健亞沒有正報酬，其餘標的多有表現，其中，權王台積電上漲9.6%最高，相當少見；超眾漲3.9%居次，瑞祺電通漲2.1%第三。
台積電法 
	                    "
0,20200421,https://udndata.com/ndapp/Story?no=1&page=1&udndbid=udndata&SearchString=qL6szLenqcCq0Suk6bTBPj0yMDIwMDQyMSuk6bTBPD0yMDIwMDQyMSuz%2BKdPPcFwpliz%2BHy4Z8DZpOmz%2BHzBcKZYsd%2Bz%2BHxVcGFwZXI%3D&sharepage=50&select=1&kind=2&article_date=2020-04-21&news_id=9573983,士紙資產題材火紅,"業內、業外雙箭頭，士紙（1903）在國內擁有超過9萬坪土地，雄厚的資產題材一直備受外界矚目，其中，士紙的五號倉庫都更開發案，去年底獲得北市府審核通過，最近已經正式拿到建照，預計今年內開工。資產題材再度成為法 
	                    "
1,20200421,https://udndata.com/ndapp/Story?no=2&page=1&udndbid=udndata&SearchString=qL6szLenqcCq0Suk6bTBPj0yMDIwMDQyMSuk6bTBPD0yMDIwMDQyMSuz%2BKdPPcFwpliz%2BHy4Z8DZpOmz%2BHzBcKZYsd%2Bz%2BHxVcGFwZXI%3D&sharepage=50&select=1&kind=2&article_date=2020-04-21&news_id=9573951,績優傳產 買盤點火,"台股昨（20）日在季線關前震盪換手，市場資金轉為點火基期偏低的績優傳產股維繫多方人氣，多檔個股同步創波段新高，力山（1515）攻頂突破半年線反壓，亞德客-KY、佳格更率先站回所有均線。
新冠肺炎救命藥瑞德西韋（ 
	                    "
0,20200422,https://udndata.com/ndapp/Story?no=1&page=1&udndbid=udndata&SearchString=qL6szLenqcCq0Suk6bTBPj0yMDIwMDQyMiuk6bTBPD0yMDIwMDQyMiuz%2BKdPPcFwpliz%2BHy4Z8DZpOmz%2BHzBcKZYsd%2Bz%2BHxVcGFwZXI%3D&sharepage=50&select=1&kind=2&article_date=2020-04-22&news_id=9574701,利基型中小電子 法人挺,"台股昨（21）日受制於油價大跌，以及北韓領導人金正恩驚傳手術病危等利空，回測10日線，但具業績題材，且法人加持的全台（3038）、世芯-KY等多檔中小型利基電子股仍逆勢收紅，扛多頭大旗。
美國5月交割西德州原油期 
	                    "
0,20200423,https://udndata.com/ndapp/Story?no=1&page=1&udndbid=udndata&SearchString=qL6szLenqcCq0Suk6bTBPj0yMDIwMDQyMyuk6bTBPD0yMDIwMDQyMyuz%2BKdPPcFwpliz%2BHy4Z8DZpOmz%2BHzBcKZYsd%2Bz%2BHxVcGFwZXI%3D&sharepage=50&select=1&kind=2&article_date=2020-04-23&news_id=9575532,5G雲端網通 題材熱,"盤勢分析
油價崩跌，引發市場疑慮，美股道瓊指數連兩個交易日狂瀉逾1,200點，亞股普遍呈現下跌態勢，台股周三開低逾140點，不過，盤中在防疫概念股、美股電子盤翻紅激勵下，吸引低接買盤進場，帶動大盤翻紅，終場指 
	                    "
1,20200423,https://udndata.com/ndapp/Story?no=2&page=1&udndbid=udndata&SearchString=qL6szLenqcCq0Suk6bTBPj0yMDIwMDQyMyuk6bTBPD0yMDIwMDQyMyuz%2BKdPPcFwpliz%2BHy4Z8DZpOmz%2BHzBcKZYsd%2Bz%2BHxVcGFwZXI%3D&sharepage=50&select=1&kind=2&article_date=2020-04-23&news_id=9575529,伺服器光通訊股 猛攻,"台股昨（22）日受惠於空方下殺力道減輕，拉下影線收小紅，市場資金點火中小型題材電子股，金像電（2368）、統新等伺服器、光通訊相關個股強勢拉抬，匯聚盤面多方人氣。
近日地緣政治、國際油價大跌，以及華為、蘋果 
	                    "
0,20200424,https://udndata.com/ndapp/Story?no=1&page=1&udndbid=udndata&SearchString=qL6szLenqcCq0Suk6bTBPj0yMDIwMDQyNCuk6bTBPD0yMDIwMDQyNCuz%2BKdPPcFwpliz%2BHy4Z8DZpOmz%2BHzBcKZYsd%2Bz%2BHxVcGFwZXI%3D&sharepage=50&select=1&kind=2&article_date=2020-04-24&news_id=9576716,寶齡富錦,"寶齡富錦（1760）聯手其餘生醫廠商成功開發出Vstrip@COVID-19抗原快篩試劑，使防疫概念股依舊是人氣指標，利多題材下，今日寶齡富錦再攻漲停，股價來到116元。
寶齡富錦生技等三家公司在各自領域內整合，開發檢測CO 
	                    "
1,20200424,https://udndata.com/ndapp/Story?no=2&page=1&udndbid=udndata&SearchString=qL6szLenqcCq0Suk6bTBPj0yMDIwMDQyNCuk6bTBPD0yMDIwMDQyNCuz%2BKdPPcFwpliz%2BHy4Z8DZpOmz%2BHzBcKZYsd%2Bz%2BHxVcGFwZXI%3D&sharepage=50&select=1&kind=2&article_date=2020-04-24&news_id=9576338,泛防疫概念 強勢領漲,"台股昨（23）日震盪，盤面個股漲跌互見，恆大（1325）、寶齡富錦等泛防疫股標的持續吸引資金敲進，推升創今年收盤價新高。
除新冠肺炎疫情變化，疲弱的原油價格走勢也使近期國際股市震盪加劇，各國政府陸續推出救市 
	                    "
0,20200425,https://udndata.com/ndapp/Story?no=1&page=1&udndbid=udndata&SearchString=qL6szLenqcCq0Suk6bTBPj0yMDIwMDQyNSuk6bTBPD0yMDIwMDQyNSuz%2BKdPPcFwpliz%2BHy4Z8DZpOmz%2BHzBcKZYsd%2Bz%2BHxVcGFwZXI%3D&sharepage=50&select=1&kind=2&article_date=2020-04-25&news_id=9577451,周線黑 周跌幅逾2％,"受到新冠疫情的干擾，市場恐怕後續國際油價需求將大幅下降、導致美國原油期貨報價出現重挫，衝擊全球股市走勢。本周加權開低走低，周五加權指數收在10,347.36點，周線收中長黑K棒，累計一周下跌幅度2.36%，終止周KD連 
	                    "
1,20200425,https://udndata.com/ndapp/Story?no=2&page=1&udndbid=udndata&SearchString=qL6szLenqcCq0Suk6bTBPj0yMDIwMDQyNSuk6bTBPD0yMDIwMDQyNSuz%2BKdPPcFwpliz%2BHy4Z8DZpOmz%2BHzBcKZYsd%2Bz%2BHxVcGFwZXI%3D&sharepage=50&select=1&kind=2&article_date=2020-04-25&news_id=9577254,14檔超會賺 亂世強中強,"台股指數上檔壓力沉重，但晶電、南六等14檔不怕亂流照樣賺的強勢股，熱錢買不停，領先大盤收復失土並締造上漲佳績，扮演突圍大盤盤局的強中強指標。
統一投顧董事長黎方國指出，經濟預測機構紛紛下調台灣經濟成長目 
	                    "
0,20200426,https://udndata.com/ndapp/Story?no=1&page=1&udndbid=udndata&SearchString=qL6szLenqcCq0Suk6bTBPj0yMDIwMDQyNiuk6bTBPD0yMDIwMDQyNiuz%2BKdPPcFwpliz%2BHy4Z8DZpOmz%2BHzBcKZYsd%2Bz%2BHxVcGFwZXI%3D&sharepage=50&select=1&kind=2&article_date=2020-04-26&news_id=9577664,衛冕者 許豐祿 布局泰碩精材,"上周戰報
「股市豐神榜」許豐祿上周投資組合報酬率1.6%，投資組合中愛普大漲15%，表現最佳，惠特漲8.4%居次，譜瑞-KY漲4.7%第三，昇陽半、州巧則不如預期，各跌3%、17%。
記憶體IC設計廠愛普客製化與授權業務是營運 
	                    "
1,20200426,https://udndata.com/ndapp/Story?no=2&page=1&udndbid=udndata&SearchString=qL6szLenqcCq0Suk6bTBPj0yMDIwMDQyNiuk6bTBPD0yMDIwMDQyNiuz%2BKdPPcFwpliz%2BHy4Z8DZpOmz%2BHzBcKZYsd%2Bz%2BHxVcGFwZXI%3D&sharepage=50&select=1&kind=2&article_date=2020-04-26&news_id=9577931,報復性上漲 贏家出列,"台股波段彈幅逾二成，除防疫概念股持續扮強勢主流族群外，部分遭到錯殺且籌碼清洗乾淨的個股也展開報復性反彈，統計本波漲幅逾五成的個股共180檔，以生技股合一飆漲171%最為強悍。
新冠肺炎疫情、油價崩等兩隻黑天鵝 
	                    "
2,20200426,https://udndata.com/ndapp/Story?no=3&page=1&udndbid=udndata&SearchString=qL6szLenqcCq0Suk6bTBPj0yMDIwMDQyNiuk6bTBPD0yMDIwMDQyNiuz%2BKdPPcFwpliz%2BHy4Z8DZpOmz%2BHzBcKZYsd%2Bz%2BHxVcGFwZXI%3D&sharepage=50&select=1&kind=2&article_date=2020-04-26&news_id=9577938,16檔財報雙成長 法人捧,"台股反彈至季線前近關情怯，短線陷入區間整理，法人認為，類股持續良性輪動，基本面仍為買盤點火重要關鍵，聯電、敦泰等16檔個股第1季財報、4月營收「雙優」個股，可望脫穎而出，續扮多方強勢指標。
美國總統川普簽 
	                    "
0,20200427,https://udndata.com/ndapp/Story?no=1&page=1&udndbid=udndata&SearchString=qL6szLenqcCq0Suk6bTBPj0yMDIwMDQyNyuk6bTBPD0yMDIwMDQyNyuz%2BKdPPcFwpliz%2BHy4Z8DZpOmz%2BHzBcKZYsd%2Bz%2BHxVcGFwZXI%3D&sharepage=50&select=1&kind=2&article_date=2020-04-27&news_id=9578784,防疫股多檔亮燈,"台股今（27）日上漲近200點，站回10,500關卡，且成交量能放大，盤面各類股指數齊揚，防疫概念股也持續強勢，康那香（9919）、高端疫苗、寶齡富錦與恆大等再度攻上漲停，成為盤面焦點。法人表示，相關族群在操作上，可 
	                    "
1,20200427,https://udndata.com/ndapp/Story?no=2&page=1&udndbid=udndata&SearchString=qL6szLenqcCq0Suk6bTBPj0yMDIwMDQyNyuk6bTBPD0yMDIwMDQyNyuz%2BKdPPcFwpliz%2BHy4Z8DZpOmz%2BHzBcKZYsd%2Bz%2BHxVcGFwZXI%3D&sharepage=50&select=1&kind=2&article_date=2020-04-27&news_id=9578758,投資情報站,"觀盤重點：1.中長期均線下彎，預估量增價揚，股市挑戰季線及10,710點；2.關注本周台股法說會與美國企業財報公布；3.本周三（29）日美國GDP公布，預估今年第一季呈現衰退。
操作策略：逢高可考慮減碼，汰弱換強手上的 
	                    "
2,20200427,https://udndata.com/ndapp/Story?no=3&page=1&udndbid=udndata&SearchString=qL6szLenqcCq0Suk6bTBPj0yMDIwMDQyNyuk6bTBPD0yMDIwMDQyNyuz%2BKdPPcFwpliz%2BHy4Z8DZpOmz%2BHzBcKZYsd%2Bz%2BHxVcGFwZXI%3D&sharepage=50&select=1&kind=2&article_date=2020-04-27&news_id=9578203,開闢新藍海 專攻利基市場,"材料-KY（4763）董事長王克璋講話輕聲低調，完全看不出商人的霸氣。在事業經營上，王克璋也避開紅海廝殺，專挑冷門利基型藍海市場深入耕耘，從絲束、醋酸纖維素（醋片），最近打算跨入極高階的繡花不織布新領域。
最 
	                    "
0,20200428,https://udndata.com/ndapp/Story?no=1&page=1&udndbid=udndata&SearchString=qL6szLenqcCq0Suk6bTBPj0yMDIwMDQyOCuk6bTBPD0yMDIwMDQyOCuz%2BKdPPcFwpliz%2BHy4Z8DZpOmz%2BHzBcKZYsd%2Bz%2BHxVcGFwZXI%3D&sharepage=50&select=1&kind=2&article_date=2020-04-28&news_id=9579272,興櫃生技熱 觸動熔斷機制,"新冠肺炎疫情帶動防疫概念股續夯，昨（27）日不少生技類股漲停作收，興櫃股票普生連二日大漲逾50%而暫停交易。今年以來興櫃啟動過四次暫停交易機制，都是防疫相關個股。
興櫃生技股普生和敏成今年以來股價漲幅倍數以 
	                    "
0,20200430,https://udndata.com/ndapp/Story?no=1&page=1&udndbid=udndata&SearchString=qL6szLenqcCq0Suk6bTBPj0yMDIwMDQzMCuk6bTBPD0yMDIwMDQzMCuz%2BKdPPcFwpliz%2BHy4Z8DZpOmz%2BHzBcKZYsd%2Bz%2BHxVcGFwZXI%3D&sharepage=50&select=1&kind=2&article_date=2020-04-30&news_id=9580489,疫情受害股 大反攻,"受惠於歐美各國計畫陸續解除封城，以及外資買盤回籠，推升台股昨（29）日重登季線，長榮航（2618）、豐泰等多檔新冠肺炎疫情受害股，獲得法人或業內回補，股價展開大反攻，匯集盤面人氣。
美股近期陷入高檔震盪整理 
	                    "
1,20200430,https://udndata.com/ndapp/Story?no=2&page=1&udndbid=udndata&SearchString=qL6szLenqcCq0Suk6bTBPj0yMDIwMDQzMCuk6bTBPD0yMDIwMDQzMCuz%2BKdPPcFwpliz%2BHy4Z8DZpOmz%2BHzBcKZYsd%2Bz%2BHxVcGFwZXI%3D&sharepage=50&select=1&kind=2&article_date=2020-04-30&news_id=9580757,十檔題材燒 股價創高,"台股昨（29）日在市場半信半疑中重登季線10,658關卡，創本波反彈新高，恆大、智邦等十檔個股挾防疫題材或基本面優勢，收盤價領先創下歷史紀錄，波段漲幅達50%至164%，蔚為多頭強勢指標。
國際股市第1季受到新冠肺炎 
	                    "
2,20200430,https://udndata.com/ndapp/Story?no=3&page=1&udndbid=udndata&SearchString=qL6szLenqcCq0Suk6bTBPj0yMDIwMDQzMCuk6bTBPD0yMDIwMDQzMCuz%2BKdPPcFwpliz%2BHy4Z8DZpOmz%2BHzBcKZYsd%2Bz%2BHxVcGFwZXI%3D&sharepage=50&select=1&kind=2&article_date=2020-04-30&news_id=9580756,台股反彈4月天 大漲千點,"美國擬於5月重啟經濟，全球央行持續寬鬆，激勵國際熱錢回流新興市場，昨（29）日外資大舉買超台股180億元，推升指數上漲156點衝破季線反壓。累計4月外資轉為買超21億元，大盤強彈1,064點或10.96%，有望創下史上第二大 
	                    "
0,20200501,https://udndata.com/ndapp/Story?no=1&page=1&udndbid=udndata&SearchString=qL6szLenqcCq0Suk6bTBPj0yMDIwMDUwMSuk6bTBPD0yMDIwMDUwMSuz%2BKdPPcFwpliz%2BHy4Z8DZpOmz%2BHzBcKZYsd%2Bz%2BHxVcGFwZXI%3D&sharepage=50&select=1&kind=2&article_date=2020-05-01&news_id=9581669,全球疫情雙面刃 民生品牌悲喜交雜,"全球股市受到新冠肺炎疫情衝擊擴大，目前疫情尚未見到高峰，富邦證券表示，現階段可留意宅經濟及防疫概念股。
隨著疫情惡化，工廠被迫停工及民眾消費意願降低，已有越來越多家美國企業發布警告，疫情恐將衝擊獲利， 
	                    "
1,20200501,https://udndata.com/ndapp/Story?no=2&page=1&udndbid=udndata&SearchString=qL6szLenqcCq0Suk6bTBPj0yMDIwMDUwMSuk6bTBPD0yMDIwMDUwMSuz%2BKdPPcFwpliz%2BHy4Z8DZpOmz%2BHzBcKZYsd%2Bz%2BHxVcGFwZXI%3D&sharepage=50&select=1&kind=2&article_date=2020-05-01&news_id=9581299,IC設計 矽晶圓股 強勢,"新冠肺炎救命藥瑞德西韋（Remdesivir）在美臨床研究傳出佳音，激勵美費半指數收漲4.9%，進一步帶動昨（30）日世芯-KY（3661）、台勝科等IC設計與矽晶圓股強勢演出，扛多頭大旗。
歐美國家新冠肺炎疫情逐漸趨緩，加上 
	                    "
0,20200504,https://udndata.com/ndapp/Story?no=1&page=1&udndbid=udndata&SearchString=qL6szLenqcCq0Suk6bTBPj0yMDIwMDUwNCuk6bTBPD0yMDIwMDUwNCuz%2BKdPPcFwpliz%2BHy4Z8DZpOmz%2BHzBcKZYsd%2Bz%2BHxVcGFwZXI%3D&sharepage=50&select=1&kind=2&article_date=2020-05-04&news_id=9583688,台股重挫 生技股捧藥救命,"防疫概念股依舊是台股人氣指標，高端（6547）、中化生（1762）、台耀（4746）、寶齡富錦（1760）、生達科（6492）等全面攻上漲停，相關的個股因為不同的題材，也有神隆（1789）、中天（4128）、合一（6589）多檔個股 
	                    "
1,20200504,https://udndata.com/ndapp/Story?no=2&page=1&udndbid=udndata&SearchString=qL6szLenqcCq0Suk6bTBPj0yMDIwMDUwNCuk6bTBPD0yMDIwMDUwNCuz%2BKdPPcFwpliz%2BHy4Z8DZpOmz%2BHzBcKZYsd%2Bz%2BHxVcGFwZXI%3D&sharepage=50&select=1&kind=2&article_date=2020-05-04&news_id=9583409,遠東新長榮航 吸睛,"「內資鎖碼股」最近獲得公股行庫青睞，買超積極，其中具代表的個股以遠東新、第一金、長榮航等為鎖定標的。其中遠東新為遠東集團控股公司，具指標性，加上遠東新為重要的口罩上游材料供應商，搭上防疫題材，獲得國內 
	                    "
0,20200505,https://udndata.com/ndapp/Story?no=1&page=1&udndbid=udndata&SearchString=qL6szLenqcCq0Suk6bTBPj0yMDIwMDUwNSuk6bTBPD0yMDIwMDUwNSuz%2BKdPPcFwpliz%2BHy4Z8DZpOmz%2BHzBcKZYsd%2Bz%2BHxVcGFwZXI%3D&sharepage=50&select=1&kind=2&article_date=2020-05-05&news_id=9584417,國光攻頂 委買高掛逾1.9萬張,"新冠肺炎疫情漫延，全世界都在找更好的防疫方法，隨著疫情到處肆虐，防疫概念股國光生物（4142）宣布利多，國光新冠候選疫苗免疫試驗證實疫苗有效，成為市場人氣指標，股價直接攻上漲停，來到33.05元，今天委買量更一 
	                    "
0,20200506,https://udndata.com/ndapp/Story?no=1&page=1&udndbid=udndata&SearchString=qL6szLenqcCq0Suk6bTBPj0yMDIwMDUwNiuk6bTBPD0yMDIwMDUwNiuz%2BKdPPcFwpliz%2BHy4Z8DZpOmz%2BHzBcKZYsd%2Bz%2BHxVcGFwZXI%3D&sharepage=50&select=1&kind=2&article_date=2020-05-06&news_id=9585169,國光帶隊 生技指數9個月新高,"防疫概念股國光生物（4142）上午宣布新冠肺炎疫苗利多，帶動生技股今日全面強漲，且飆漲族群從疫苗股、檢測股擴散，呈現百花齊放，盤中亮燈漲停的家數超過20檔，指標股國光開盤即跳空漲停鎖死，且漲停委買高掛逾6萬張 
	                    "
0,20200507,https://udndata.com/ndapp/Story?no=1&page=1&udndbid=udndata&SearchString=qL6szLenqcCq0Suk6bTBPj0yMDIwMDUwNyuk6bTBPD0yMDIwMDUwNyuz%2BKdPPcFwpliz%2BHy4Z8DZpOmz%2BHzBcKZYsd%2Bz%2BHxVcGFwZXI%3D&sharepage=50&select=1&kind=2&article_date=2020-05-07&news_id=9585361,上緯 臻鼎 布局逾100天,"台股昨（6）日多空交戰劇烈，終場僅小漲0.37點，盤面上除了生技、防疫概念股漲勢較為整齊外，其餘個股各自表現，其中風電股上緯投控（3708）、臻鼎-KY（4958）挾帶4月營收利多，分別大漲8.32%及5.31%，成為盤面上的多 
	                    "
1,20200507,https://udndata.com/ndapp/Story?no=2&page=1&udndbid=udndata&SearchString=qL6szLenqcCq0Suk6bTBPj0yMDIwMDUwNyuk6bTBPD0yMDIwMDUwNyuz%2BKdPPcFwpliz%2BHy4Z8DZpOmz%2BHzBcKZYsd%2Bz%2BHxVcGFwZXI%3D&sharepage=50&select=1&kind=2&article_date=2020-05-07&news_id=9585354,遠東新 押長天期,"遠東新（1402）今年以來受到PTA及PET價格滑落，利差也不佳，第1季營收續降至522.36億元，年減15.6％，EPS降至0.33元。展望本季，隨著近期油價回穩，PTA及PET報價也回穩，利差改善，法人預期第2季營運將逐漸回溫。
展 
	                    "
0,20200508,https://udndata.com/ndapp/Story?no=1&page=1&udndbid=udndata&SearchString=qL6szLenqcCq0Suk6bTBPj0yMDIwMDUwOCuk6bTBPD0yMDIwMDUwOCuz%2BKdPPcFwpliz%2BHy4Z8DZpOmz%2BHzBcKZYsd%2Bz%2BHxVcGFwZXI%3D&sharepage=50&select=1&kind=2&article_date=2020-05-08&news_id=9586701,杏國 跳空漲停,"防疫相關的生技股今天股價急速回檔修正，族群輪動，以有研發題材進度支撐的業者表現較為強勁，其中，杏國（4192）公布研發中之治療胰臟癌新藥SB05PC（EndoTAG®-1）全球多國多中心三期臨床試驗，今天股價續攻 
	                    "
1,20200508,https://udndata.com/ndapp/Story?no=2&page=1&udndbid=udndata&SearchString=qL6szLenqcCq0Suk6bTBPj0yMDIwMDUwOCuk6bTBPD0yMDIwMDUwOCuz%2BKdPPcFwpliz%2BHy4Z8DZpOmz%2BHzBcKZYsd%2Bz%2BHxVcGFwZXI%3D&sharepage=50&select=1&kind=2&article_date=2020-05-08&news_id=9586712,投資情報站,"觀盤重點：台股來到壓力區，上檔包含年線及半年線反壓正在壓抑行情，若用台股自8,523反彈0.618的幅度來計算，也差不多是目前的位置外在環境來說，包含新冠肺炎疫情的後續及中美貿易狀況都有變數，因此，現階段策略調 
	                    "
0,20200509,https://udndata.com/ndapp/Story?no=1&page=1&udndbid=udndata&SearchString=qL6szLenqcCq0Suk6bTBPj0yMDIwMDUwOSuk6bTBPD0yMDIwMDUwOSuz%2BKdPPcFwpliz%2BHy4Z8DZpOmz%2BHzBcKZYsd%2Bz%2BHxVcGFwZXI%3D&sharepage=50&select=1&kind=2&article_date=2020-05-09&news_id=9587102,高價股點火 多頭正旺,"新冠肺炎疫情逐漸受控，美中貿易代表舉行電話會議決議建立有利落實雙邊貿易協議條件，台股昨（8）日連四紅，股王大立光等高價股強勢拉抬，有效化解防疫概念股回檔陰霾，尤其櫃買指數爆出603億元為1月31日來大量，並連 
	                    "
0,20200510,https://udndata.com/ndapp/Story?no=1&page=1&udndbid=udndata&SearchString=qL6szLenqcCq0Suk6bTBPj0yMDIwMDUxMCuk6bTBPD0yMDIwMDUxMCuz%2BKdPPcFwpliz%2BHy4Z8DZpOmz%2BHzBcKZYsd%2Bz%2BHxVcGFwZXI%3D&sharepage=50&select=1&kind=2&article_date=2020-05-10&news_id=9587930,站穩季線 下一站闖3╱6缺口,"4月台股持續反彈大漲，4月中，台積電釋出的財報及展望優於市場預期，帶動台股持續往上攻高，然短線獲利了結賣壓出籠，台股開始出現回檔。但在台積電對於產業看法正向的帶動之下，台股僅回檔三日，買盤便陸陸續續進場 
	                    "
1,20200510,https://udndata.com/ndapp/Story?no=2&page=1&udndbid=udndata&SearchString=qL6szLenqcCq0Suk6bTBPj0yMDIwMDUxMCuk6bTBPD0yMDIwMDUxMCuz%2BKdPPcFwpliz%2BHy4Z8DZpOmz%2BHzBcKZYsd%2Bz%2BHxVcGFwZXI%3D&sharepage=50&select=1&kind=2&article_date=2020-05-10&news_id=9587624,原相永昌99購01 題材熱,"原相永昌99購01（707765）
連結標的：原相（3227），5╱8收盤價173.00╱-5.00元
感測晶片廠原相（3227）首季獲利創立下近12年來同期新高，後市仍為法人看好，主因2020年營運受惠TWS藍牙耳機與安防監控、穿戴裝置加 
	                    "
2,20200510,https://udndata.com/ndapp/Story?no=3&page=1&udndbid=udndata&SearchString=qL6szLenqcCq0Suk6bTBPj0yMDIwMDUxMCuk6bTBPD0yMDIwMDUxMCuz%2BKdPPcFwpliz%2BHy4Z8DZpOmz%2BHzBcKZYsd%2Bz%2BHxVcGFwZXI%3D&sharepage=50&select=1&kind=2&article_date=2020-05-10&news_id=9587533,挑戰者 陳彥蓉 押新日興十銓,"上周戰報
「股市A指標」陳彥蓉上周投資組合報酬率5.4%，投資組合中的八檔標的，有七檔表現擊敗大盤，其中家登上漲12%最多，廣錠11%居次，其餘個股則有2%~5%的漲幅表現，僅州巧未有正報酬。
家登受惠半導體客戶強力 
	                    "
0,20200511,https://udndata.com/ndapp/Story?no=1&page=1&udndbid=udndata&SearchString=qL6szLenqcCq0Suk6bTBPj0yMDIwMDUxMSuk6bTBPD0yMDIwMDUxMSuz%2BKdPPcFwpliz%2BHy4Z8DZpOmz%2BHzBcKZYsd%2Bz%2BHxVcGFwZXI%3D&sharepage=50&select=1&kind=2&article_date=2020-05-11&news_id=9588645,台股盤中站回年線萬一雙關卡,"上周五美股開高走高，帶動台股今日一舉站回年線以及「萬一」雙關卡；電子股、金融股齊揚，引領多方信心，而權王台積電股價再度回到300元關卡之上、鴻海股價也漲逾3%，激勵盤中指數大漲逾百點。
新冠肺炎疫情爆發以來 
	                    "
0,20200512,https://udndata.com/ndapp/Story?no=1&page=1&udndbid=udndata&SearchString=qL6szLenqcCq0Suk6bTBPj0yMDIwMDUxMiuk6bTBPD0yMDIwMDUxMiuz%2BKdPPcFwpliz%2BHy4Z8DZpOmz%2BHzBcKZYsd%2Bz%2BHxVcGFwZXI%3D&sharepage=50&select=1&kind=2&article_date=2020-05-12&news_id=9589391,MSCI明調整 台股盤中跌破2個整數關卡,"台股昨日才站上萬一關卡，今日開盤即跌破，在蘋概三王壓盤下，台股指數盤中走勢疲軟，下跌逾百點，跌破11,000與10,900點兩道整數關卡。市場關注明日MSCI季度調整結果，盤中買盤意願不高。
今日主要亞股表現疲軟，普 
	                    "
0,20200513,https://udndata.com/ndapp/Story?no=1&page=1&udndbid=udndata&SearchString=qL6szLenqcCq0Suk6bTBPj0yMDIwMDUxMyuk6bTBPD0yMDIwMDUxMyuz%2BKdPPcFwpliz%2BHy4Z8DZpOmz%2BHzBcKZYsd%2Bz%2BHxVcGFwZXI%3D&sharepage=50&select=1&kind=2&article_date=2020-05-13&news_id=9590096,"台股開低走高 強攀10,900","市場擔憂解封後的疫情不確定性升高，美股四大指數收盤走跌逾2%，影響台股今日開盤走低，儘管鴻海（2317）、聯發科企圖撐盤，指數仍向下回測10日均線支撐，盤中在小道瓊期貨電子盤由黑翻紅，大立光、台積電也相繼黑翻 
	                    "
1,20200513,https://udndata.com/ndapp/Story?no=2&page=1&udndbid=udndata&SearchString=qL6szLenqcCq0Suk6bTBPj0yMDIwMDUxMyuk6bTBPD0yMDIwMDUxMyuz%2BKdPPcFwpliz%2BHy4Z8DZpOmz%2BHzBcKZYsd%2Bz%2BHxVcGFwZXI%3D&sharepage=50&select=1&kind=2&article_date=2020-05-13&news_id=9589577,世界群聯 穩盤要角,"台股昨（12）日受國際股市拖累，年線得而復失，櫃買指數相對抗跌，盤中更創142.78點波段新高，包括世界（5347）、群聯、元太等主要電子股逆勢收紅，扮演穩盤關鍵角色。
雖然全球陸續解除封城，但南韓、德國爆發群聚 
	                    "
0,20200514,https://udndata.com/ndapp/Story?no=1&page=1&udndbid=udndata&SearchString=qL6szLenqcCq0Suk6bTBPj0yMDIwMDUxNCuk6bTBPD0yMDIwMDUxNCuz%2BKdPPcFwpliz%2BHy4Z8DZpOmz%2BHzBcKZYsd%2Bz%2BHxVcGFwZXI%3D&sharepage=50&select=1&kind=2&article_date=2020-05-14&news_id=9590448,MSCI降台股3指數權重,"指數編纂公司明晟（ＭＳＣＩ）昨公布半年度權重調整結果，台股出乎預料在三大指數全遭調降，且兩指數已連五季遭調降，最新權重將在五月二十九日收盤生效。金管會證期局表示，此波僅微幅調整，影響小，初估影響台股約 
	                    "
1,20200514,https://udndata.com/ndapp/Story?no=2&page=1&udndbid=udndata&SearchString=qL6szLenqcCq0Suk6bTBPj0yMDIwMDUxNCuk6bTBPD0yMDIwMDUxNCuz%2BKdPPcFwpliz%2BHy4Z8DZpOmz%2BHzBcKZYsd%2Bz%2BHxVcGFwZXI%3D&sharepage=50&select=1&kind=2&article_date=2020-05-14&news_id=9590863,美中緊張 台股盤中跌逾百點,"美中緊張關係升溫、聯準會主席鮑威爾保守看經濟，台股今日開盤失守五日均線及10,900點整數關卡，指數以下跌開出後，在權值股疲弱下，盤中跌幅一度擴大逾百點，不僅跌破十日均線，並一度回測10,800點支撐。
「項莊舞 
	                    "
2,20200514,https://udndata.com/ndapp/Story?no=3&page=1&udndbid=udndata&SearchString=qL6szLenqcCq0Suk6bTBPj0yMDIwMDUxNCuk6bTBPD0yMDIwMDUxNCuz%2BKdPPcFwpliz%2BHy4Z8DZpOmz%2BHzBcKZYsd%2Bz%2BHxVcGFwZXI%3D&sharepage=50&select=1&kind=2&article_date=2020-05-14&news_id=9590315,台燿同欣電認購火,"台股昨（13）日開低走高，在權值股的支撐下，終場站回5日均線。盤面上，除了生醫、防疫概念股漲勢較整齊外，其餘各自表現，如CCL廠台燿（6274）、封測廠同欣電（6271）分別走揚3.7%及5.8%，同步帶動權證交投熱絡。
 
	                    "
3,20200514,https://udndata.com/ndapp/Story?no=4&page=1&udndbid=udndata&SearchString=qL6szLenqcCq0Suk6bTBPj0yMDIwMDUxNCuk6bTBPD0yMDIwMDUxNCuz%2BKdPPcFwpliz%2BHy4Z8DZpOmz%2BHzBcKZYsd%2Bz%2BHxVcGFwZXI%3D&sharepage=50&select=1&kind=2&article_date=2020-05-14&news_id=9590347,銅箔基板CIS股 法人挺,"台股昨（13）日受惠於美股期貨電子盤翻紅，重登5日線，台燿（6274）、勝麗等業績亮眼、展望正向的銅箔基板（CCL）、CMOS影像感測器（CIS）族群，獲買盤點火，股價同步走強，匯集多頭人氣。
美股近期震盪加劇，但台股 
	                    "
4,20200514,https://udndata.com/ndapp/Story?no=5&page=1&udndbid=udndata&SearchString=qL6szLenqcCq0Suk6bTBPj0yMDIwMDUxNCuk6bTBPD0yMDIwMDUxNCuz%2BKdPPcFwpliz%2BHy4Z8DZpOmz%2BHzBcKZYsd%2Bz%2BHxVcGFwZXI%3D&sharepage=50&select=1&kind=2&article_date=2020-05-14&news_id=9590346,高價IC股紅不讓,"高價IC股氣勢「紅不讓」，MSCI昨（13）日公布最新一季權重，全球標準指數和小型指數分別納入矽力-KY（6415）、世芯-KY，激勵高價IC的祥碩、譜瑞、聯發科等同聲慶賀。法人認為，相關IC強勢股基本面持續向上，可拉長戰 
	                    "
0,20200515,https://udndata.com/ndapp/Story?no=1&page=1&udndbid=udndata&SearchString=qL6szLenqcCq0Suk6bTBPj0yMDIwMDUxNSuk6bTBPD0yMDIwMDUxNSuz%2BKdPPcFwpliz%2BHy4Z8DZpOmz%2BHzBcKZYsd%2Bz%2BHxVcGFwZXI%3D&sharepage=50&select=1&kind=2&article_date=2020-05-15&news_id=9591285,雙優電子股 耐震力強,"台股昨（14）日受制於美股走跌，以及外資連三賣，拉回失守5日、10日線，但緯創（3231）等中大型電子股，挾高殖利率、低股價淨值比（PB）優勢，股價展現抗震力道，成為盤面少數亮點。
台股昨日因外資持續調節189億元 
	                    "
1,20200515,https://udndata.com/ndapp/Story?no=2&page=1&udndbid=udndata&SearchString=qL6szLenqcCq0Suk6bTBPj0yMDIwMDUxNSuk6bTBPD0yMDIwMDUxNSuz%2BKdPPcFwpliz%2BHy4Z8DZpOmz%2BHzBcKZYsd%2Bz%2BHxVcGFwZXI%3D&sharepage=50&select=1&kind=2&article_date=2020-05-15&news_id=9591370,寶齡單季獲利探新低,"寶齡富錦昨（14）日公布第1季財報，受到新冠肺炎疫情影響，中國大陸市場終端產品銷售低迷，即使國內消毒液訂單滿手，單季稅後純益僅71萬元，年減98.2%，每股稅後純益（EPS）0.01元，探歷史新低紀錄。
寶齡第1季營收 
	                    "
0,20200516,https://udndata.com/ndapp/Story?no=1&page=1&udndbid=udndata&SearchString=qL6szLenqcCq0Suk6bTBPj0yMDIwMDUxNiuk6bTBPD0yMDIwMDUxNiuz%2BKdPPcFwpliz%2BHy4Z8DZpOmz%2BHzBcKZYsd%2Bz%2BHxVcGFwZXI%3D&sharepage=50&select=1&kind=2&article_date=2020-05-16&news_id=9592070,台股四千金報到 穩住多頭,"台股昨（15）日不畏外資連四賣，在權王台積電獨撐大局下，力守月線支撐，尤其國家隊偏多操作，以及高價股「四千金」大立光、矽力、信驊、祥碩維繫多頭人氣，櫃買指數周線強勢拉出連八紅，凸顯內資520前做多不變。
統 
	                    "
0,20200518,https://udndata.com/ndapp/Story?no=1&page=1&udndbid=udndata&SearchString=qL6szLenqcCq0Suk6bTBPj0yMDIwMDUxOCuk6bTBPD0yMDIwMDUxOCuz%2BKdPPcFwpliz%2BHy4Z8DZpOmz%2BHzBcKZYsd%2Bz%2BHxVcGFwZXI%3D&sharepage=50&select=1&kind=2&article_date=2020-05-18&news_id=9593006,生技回歸基本面 轉機股吸睛,"疫情高峰過後，生技股逐漸回歸基本面，其中，晟德（4123）、雙美、康樂-KY和智擎及景岳、寶利徠今年首季每股稅後純益由虧轉盈，從首季獲利看，出現轉機且基本面有撐，值得關注。
從新冠肺炎題材面來看，新冠肺炎疫情 
	                    "
1,20200518,https://udndata.com/ndapp/Story?no=2&page=1&udndbid=udndata&SearchString=qL6szLenqcCq0Suk6bTBPj0yMDIwMDUxOCuk6bTBPD0yMDIwMDUxOCuz%2BKdPPcFwpliz%2BHy4Z8DZpOmz%2BHzBcKZYsd%2Bz%2BHxVcGFwZXI%3D&sharepage=50&select=1&kind=2&article_date=2020-05-18&news_id=9593008,法人點名醫藥醫美保健,"疫情高峰過後，醫藥潛力股動能續強，分析師認為，醫藥保健的需求僅遞延而非消失，大江（8436）、麗豐-KY、佐登-KY重挫後投資價值浮現，後疫情期市場或可轉為關注醫藥股中營運大好，或是有轉機的公司。
新冠肺炎疫情 
	                    "
0,20200519,https://udndata.com/ndapp/Story?no=1&page=1&udndbid=udndata&SearchString=qL6szLenqcCq0Suk6bTBPj0yMDIwMDUxOSuk6bTBPD0yMDIwMDUxOSuz%2BKdPPcFwpliz%2BHy4Z8DZpOmz%2BHzBcKZYsd%2Bz%2BHxVcGFwZXI%3D&sharepage=50&select=1&kind=2&article_date=2020-05-19&news_id=9593773,風電概念股 冒出頭,"台股昨（18）日受制於美中貿易衝突再度升溫，拉回74點測試月線支撐，但特定買盤點火具政策加持的風電概念股，世紀鋼（9958）等多檔相關個股強勢演出，有利於維持520前多頭人氣不墜。
台股昨日下跌74點，半導體、華為 
	                    "
0,20200520,https://udndata.com/ndapp/Story?no=1&page=1&udndbid=udndata&SearchString=qL6szLenqcCq0Suk6bTBPj0yMDIwMDUyMCuk6bTBPD0yMDIwMDUyMCuz%2BKdPPcFwpliz%2BHy4Z8DZpOmz%2BHzBcKZYsd%2Bz%2BHxVcGFwZXI%3D&sharepage=50&select=1&kind=2&article_date=2020-05-20&news_id=9594653,3利多激勵 台股喜迎520行情,"台股喜迎五二〇行情，昨天開高勁揚逾百點。市場專家指出，受惠三利多激勵，包括美股道瓊指數大漲逾九百點、國家隊護盤強化五二〇效應、押寶買盤點火卡位利基科技股等，帶動指數衝高大漲，表現相 
	                    "
1,20200520,https://udndata.com/ndapp/Story?no=2&page=1&udndbid=udndata&SearchString=qL6szLenqcCq0Suk6bTBPj0yMDIwMDUyMCuk6bTBPD0yMDIwMDUyMCuz%2BKdPPcFwpliz%2BHy4Z8DZpOmz%2BHzBcKZYsd%2Bz%2BHxVcGFwZXI%3D&sharepage=50&select=1&kind=2&article_date=2020-05-20&news_id=9595025,生技慶520 防疫股紅燈點點,"蔡英文總統今（20）日舉行就職演說，在演說中感謝全國防疫團結一心。今天防疫概念股也啟動慶祝行情，其中，恆大（1325）股價再攻漲停外，國光（4142）積極發展疫苗，今天股價再度大漲，高端（6547）盤中也出現黑翻紅 
	                    "
2,20200520,https://udndata.com/ndapp/Story?no=3&page=1&udndbid=udndata&SearchString=qL6szLenqcCq0Suk6bTBPj0yMDIwMDUyMCuk6bTBPD0yMDIwMDUyMCuz%2BKdPPcFwpliz%2BHy4Z8DZpOmz%2BHzBcKZYsd%2Bz%2BHxVcGFwZXI%3D&sharepage=50&select=1&kind=2&article_date=2020-05-20&news_id=9594483,恆大犀利 4月賺贏Q1,"恆大（1325） 昨（19）日公告4月自結數，單月營收約3.16億元，稅後純益約1.42億元，單月每股稅後純益（EPS）1.6元，從每股獲利來看，單一個月就賺贏今年首季的1.45元，同時也是去年全年獲利的近四倍。
因疫情來襲而 
	                    "
3,20200520,https://udndata.com/ndapp/Story?no=4&page=1&udndbid=udndata&SearchString=qL6szLenqcCq0Suk6bTBPj0yMDIwMDUyMCuk6bTBPD0yMDIwMDUyMCuz%2BKdPPcFwpliz%2BHy4Z8DZpOmz%2BHzBcKZYsd%2Bz%2BHxVcGFwZXI%3D&sharepage=50&select=1&kind=2&article_date=2020-05-20&news_id=9594487,記憶體IC設計 短多卡位,"美國新冠肺炎疫苗試驗結果報喜，激勵台股昨（19）日強彈百餘點收市。盤面上，聯發科（2454）、威剛等IC設計、記憶體相關個股，受惠美費半指數大漲4.8%、及陸廠去美化趨勢，短多積極卡位，激勵股價紛紛攻高，成為市場 
	                    "
4,20200520,https://udndata.com/ndapp/Story?no=5&page=1&udndbid=udndata&SearchString=qL6szLenqcCq0Suk6bTBPj0yMDIwMDUyMCuk6bTBPD0yMDIwMDUyMCuz%2BKdPPcFwpliz%2BHy4Z8DZpOmz%2BHzBcKZYsd%2Bz%2BHxVcGFwZXI%3D&sharepage=50&select=1&kind=2&article_date=2020-05-20&news_id=9594785,台股520 三方資金大押注,"台股喜迎520行情，昨（19）日開高勁揚逾百點，表現亮麗搶眼。市場專家指出，受惠三利多激勵，帶動指數衝高大漲，表現相對強勢。其中外資、四大基金及市場主力三方資金皆進場共襄盛舉，營造520行情盤堅走勢，其中四大 
	                    "
0,20200521,https://udndata.com/ndapp/Story?no=1&page=1&udndbid=udndata&SearchString=qL6szLenqcCq0Suk6bTBPj0yMDIwMDUyMSuk6bTBPD0yMDIwMDUyMSuz%2BKdPPcFwpliz%2BHy4Z8DZpOmz%2BHzBcKZYsd%2Bz%2BHxVcGFwZXI%3D&sharepage=50&select=1&kind=2&article_date=2020-05-21&news_id=9595814,台股多頭力拚,"過往統計資料，台股520行情仍會延續一段期間，台股今日受美股上漲帶動之下，大盤指數盤中再度突破萬一點關卡，多頭力拚再度要站上萬一點關卡及年線。
全美50州陸續解封重啟經濟活動、油價反彈至10周來的高點，激勵美 
	                    "
0,20200523,https://udndata.com/ndapp/Story?no=1&page=1&udndbid=udndata&SearchString=qL6szLenqcCq0Suk6bTBPj0yMDIwMDUyMyuk6bTBPD0yMDIwMDUyMyuz%2BKdPPcFwpliz%2BHy4Z8DZpOmz%2BHzBcKZYsd%2Bz%2BHxVcGFwZXI%3D&sharepage=50&select=1&kind=2&article_date=2020-05-23&news_id=9597188,防疫大軍勇猛 資金潮卡位,"全球瘋防疫投資市場資金也追逐防疫概念股，過去沒有人注意的口罩廠、檢測業者及疫苗生產廠，都成為近期盤面最夯的族群，多檔防疫相關個股股價急速飆漲，包括中化生（1762）、亞諾法（4133）、生華科（6492）及恆大（ 
	                    "
1,20200523,https://udndata.com/ndapp/Story?no=2&page=1&udndbid=udndata&SearchString=qL6szLenqcCq0Suk6bTBPj0yMDIwMDUyMyuk6bTBPD0yMDIwMDUyMyuz%2BKdPPcFwpliz%2BHy4Z8DZpOmz%2BHzBcKZYsd%2Bz%2BHxVcGFwZXI%3D&sharepage=50&select=1&kind=2&article_date=2020-05-23&news_id=9596992,外資換股 捧季報潛力族,"美國對華為管制可能進一步升級，外資連三周調節台股，「萬一」頻頻卡關，但廣達等12檔個股，仍挾高殖利率、業績轉強等題材，獲得外資買盤青睞，本周股價逆勢走揚，匯聚多頭人氣。
受惠歐美國家逐漸解封，近期市場投 
	                    "
0,20200524,https://udndata.com/ndapp/Story?no=1&page=1&udndbid=udndata&SearchString=qL6szLenqcCq0Suk6bTBPj0yMDIwMDUyNCuk6bTBPD0yMDIwMDUyNCuz%2BKdPPcFwpliz%2BHy4Z8DZpOmz%2BHzBcKZYsd%2Bz%2BHxVcGFwZXI%3D&sharepage=50&select=1&kind=2&article_date=2020-05-24&news_id=9597448,挑戰者 黃世民 青睞神盾良維,"上周戰報
「股市總經理」黃世民上周的投資組合跌1.7%，不及大盤的平盤表現，虛擬資產下滑到533.6萬元。他上周持有的五檔個股漲跌互見，以胡連（6279）上漲近3.6%最優，主要是因為營收亮麗；穩懋則遭到外資調降評等， 
	                    "
1,20200524,https://udndata.com/ndapp/Story?no=2&page=1&udndbid=udndata&SearchString=qL6szLenqcCq0Suk6bTBPj0yMDIwMDUyNCuk6bTBPD0yMDIwMDUyNCuz%2BKdPPcFwpliz%2BHy4Z8DZpOmz%2BHzBcKZYsd%2Bz%2BHxVcGFwZXI%3D&sharepage=50&select=1&kind=2&article_date=2020-05-24&news_id=9597525,元富鄭文賢 押防疫傳產,"台股上周多空消息雜陳，利空題材鎖定在美國將全面封殺華為，市場擔憂供應鏈大洗牌；新冠肺炎疫苗露出曙光，利多題材帶旺相關供應鏈。元富投顧總經理鄭文賢表示，類股間輪動活潑，雖外資尚未出現連續性大幅買超，但在 
	                    "
2,20200524,https://udndata.com/ndapp/Story?no=3&page=1&udndbid=udndata&SearchString=qL6szLenqcCq0Suk6bTBPj0yMDIwMDUyNCuk6bTBPD0yMDIwMDUyNCuz%2BKdPPcFwpliz%2BHy4Z8DZpOmz%2BHzBcKZYsd%2Bz%2BHxVcGFwZXI%3D&sharepage=50&select=1&kind=2&article_date=2020-05-24&news_id=9597680,15檔Q2彈升Q3攻高 悍,"台股受制於外資持續調節，以及美中衝擊升溫，遲遲無法有效突破年線關卡，偏向個股表現，建準、緯創等第2季營運彈升、第3季續旺股，近日獲得法人超前部署，將是行情震盪時的多頭明燈。
華南投顧董事長儲祥生認為，距 
	                    "
3,20200524,https://udndata.com/ndapp/Story?no=4&page=1&udndbid=udndata&SearchString=qL6szLenqcCq0Suk6bTBPj0yMDIwMDUyNCuk6bTBPD0yMDIwMDUyNCuz%2BKdPPcFwpliz%2BHy4Z8DZpOmz%2BHzBcKZYsd%2Bz%2BHxVcGFwZXI%3D&sharepage=50&select=1&kind=2&article_date=2020-05-24&news_id=9597684,防疫股燒 八檔躋身百元股,"全球新冠肺炎疫情肆虐，讓沉寂已久的防疫概念股撿到槍，口罩大廠恆大今年狂飆953%，由去年底的18.55元漲到178元，瑞基、寶齡富錦、生華科、大學光、熱映、申豐、合一等七檔也都躋身百元高價股。
今年初新冠肺炎疫情 
	                    "
0,20200525,https://udndata.com/ndapp/Story?no=1&page=1&udndbid=udndata&SearchString=qL6szLenqcCq0Suk6bTBPj0yMDIwMDUyNSuk6bTBPD0yMDIwMDUyNSuz%2BKdPPcFwpliz%2BHy4Z8DZpOmz%2BHzBcKZYsd%2Bz%2BHxVcGFwZXI%3D&sharepage=50&select=1&kind=2&article_date=2020-05-25&news_id=9598199,防疫需求利多 掀生技股籌資潮,"新冠肺炎需求利多帶動國內防疫概念股大漲，帶動生技股一波籌資潮。今年以來，包括國光生、合一準備發海外存託憑證（ＧＤＲ），台康生、高端、訊映、金萬林、普生以私募或現金增資為主，而台康生、台耀、展旺則是選擇 
	                    "
1,20200525,https://udndata.com/ndapp/Story?no=2&page=1&udndbid=udndata&SearchString=qL6szLenqcCq0Suk6bTBPj0yMDIwMDUyNSuk6bTBPD0yMDIwMDUyNSuz%2BKdPPcFwpliz%2BHy4Z8DZpOmz%2BHzBcKZYsd%2Bz%2BHxVcGFwZXI%3D&sharepage=50&select=1&kind=2&article_date=2020-05-25&news_id=9598463,高端,"高端（6547）成為這波防疫概念股當中，少數擁有雙利多個股，除了研發試劑外，高端與美國國衛院於2月簽訂合約取得美國國衛院開發的新型冠狀病毒肺炎候選疫苗及相關生物材料，今天股價首度突破百元，盤中攻漲停。
高端 
	                    "
2,20200525,https://udndata.com/ndapp/Story?no=3&page=1&udndbid=udndata&SearchString=qL6szLenqcCq0Suk6bTBPj0yMDIwMDUyNSuk6bTBPD0yMDIwMDUyNSuz%2BKdPPcFwpliz%2BHy4Z8DZpOmz%2BHzBcKZYsd%2Bz%2BHxVcGFwZXI%3D&sharepage=50&select=1&kind=2&article_date=2020-05-25&news_id=9598526,香港緊張情勢再起 台股力守月線,"台股投資人觀望香港情勢變化，台股早盤開高走低而跌破月線 ，但等港股今早開盤跌幅約1.7%後，買盤逐漸進入台股而回升，多頭仍企圖力守月線支撐。
美中關係緊張，33家中企被列入黑名單，上周五的美股四大指數僅道瓊下 
	                    "
3,20200525,https://udndata.com/ndapp/Story?no=4&page=1&udndbid=udndata&SearchString=qL6szLenqcCq0Suk6bTBPj0yMDIwMDUyNSuk6bTBPD0yMDIwMDUyNSuz%2BKdPPcFwpliz%2BHy4Z8DZpOmz%2BHzBcKZYsd%2Bz%2BHxVcGFwZXI%3D&sharepage=50&select=1&kind=2&article_date=2020-05-25&news_id=9598054,防疫股上演熔斷秀,"新冠肺炎疫情肆虐下，防疫股獨攬萬千寵愛，口罩的恆大（1325）股價一路暴衝，近一個月再漲180%，疫苗概念股的高端、國光等也頗受追捧；冷灶一樣的興櫃突然成為股民尋寶的地方，推升多檔興櫃個股上演熔斷驚奇大行情。 
	                    "
4,20200525,https://udndata.com/ndapp/Story?no=5&page=1&udndbid=udndata&SearchString=qL6szLenqcCq0Suk6bTBPj0yMDIwMDUyNSuk6bTBPD0yMDIwMDUyNSuz%2BKdPPcFwpliz%2BHy4Z8DZpOmz%2BHzBcKZYsd%2Bz%2BHxVcGFwZXI%3D&sharepage=50&select=1&kind=2&article_date=2020-05-25&news_id=9598002,投機氣氛濃 可分批落袋為安了,"美股近期多因疫苗發展的正面想像而帶動重要指數呈現大漲，顯見在全球確診人數仍持續攀高，新冠肺炎疫苗樂觀的訊息才是股市多頭與經濟復甦的重要關鍵，台股也受惠國際股市漲勢的激勵而持續向上推升。
但美中貿易戰升 
	                    "
5,20200525,https://udndata.com/ndapp/Story?no=6&page=1&udndbid=udndata&SearchString=qL6szLenqcCq0Suk6bTBPj0yMDIwMDUyNSuk6bTBPD0yMDIwMDUyNSuz%2BKdPPcFwpliz%2BHy4Z8DZpOmz%2BHzBcKZYsd%2Bz%2BHxVcGFwZXI%3D&sharepage=50&select=1&kind=2&article_date=2020-05-25&news_id=9598348,防疫股募資 看到策略方向,"新冠疫情來襲百業待舉，但生技產業卻一枝獨秀，甚至必須透過籌資擴充營運能量，以迎接這一波大潮。選擇的籌資工具，也預示公司的策略方向，值得關注。
防疫概念股籌資工具的考量與想法相當多元，包括私募、現增、可 
	                    "
0,20200526,https://udndata.com/ndapp/Story?no=1&page=1&udndbid=udndata&SearchString=qL6szLenqcCq0Suk6bTBPj0yMDIwMDUyNiuk6bTBPD0yMDIwMDUyNiuz%2BKdPPcFwpliz%2BHy4Z8DZpOmz%2BHzBcKZYsd%2Bz%2BHxVcGFwZXI%3D&sharepage=50&select=1&kind=2&article_date=2020-05-26&news_id=9599220,疫苗雙悍將 上沖下洗,"隨著近日大漲後，疫苗雙雄國光生（4142）與高端疫苗（6547）股今日股價震盪幅度加大，從高檔下滑再又攀升，交投相當活絡。
生技專家說，市場資金不斷追逐疫苗股，主要是以現在全球疫情變化，新冠肺炎已經是全球性最 
	                    "
1,20200526,https://udndata.com/ndapp/Story?no=2&page=1&udndbid=udndata&SearchString=qL6szLenqcCq0Suk6bTBPj0yMDIwMDUyNiuk6bTBPD0yMDIwMDUyNiuz%2BKdPPcFwpliz%2BHy4Z8DZpOmz%2BHzBcKZYsd%2Bz%2BHxVcGFwZXI%3D&sharepage=50&select=1&kind=2&article_date=2020-05-26&news_id=9599231,台股四度攻克萬一 創波段新高,"台股指數今（2020）年由高檔跌落萬一點關卡後，今（26）日第四度再攻萬一關卡，今日因美股道瓊電子盤大漲而帶動台股攻勢，多頭在盤中收復年線以及11,000關卡，量增價漲，創下波段新高。
櫃買此波領頭羊 大盤可望挑戰 
	                    "
0,20200527,https://udndata.com/ndapp/Story?no=1&page=1&udndbid=udndata&SearchString=qL6szLenqcCq0Suk6bTBPj0yMDIwMDUyNyuk6bTBPD0yMDIwMDUyNyuz%2BKdPPcFwpliz%2BHy4Z8DZpOmz%2BHzBcKZYsd%2Bz%2BHxVcGFwZXI%3D&sharepage=50&select=1&kind=2&article_date=2020-05-27&news_id=9599411,健策欣興 短多點火,"台股昨（26）日受美股期貨電子盤上漲激勵，四度挑戰年線關卡，先前因美國強化華為禁令利空下跌的健策（3653）、欣興等散熱、ABF基板兩大族群，獲得短多進場點火，股價同步轉強。
亞股昨日普遍走揚，台股在外資買盤回 
	                    "
1,20200527,https://udndata.com/ndapp/Story?no=2&page=1&udndbid=udndata&SearchString=qL6szLenqcCq0Suk6bTBPj0yMDIwMDUyNyuk6bTBPD0yMDIwMDUyNyuz%2BKdPPcFwpliz%2BHy4Z8DZpOmz%2BHzBcKZYsd%2Bz%2BHxVcGFwZXI%3D&sharepage=50&select=1&kind=2&article_date=2020-05-27&news_id=9599720,70萬股民 瘋搶防疫股,"螞蟻雄兵搶進股市，據統計，散戶大軍尤其熱衷「防疫概念股」，整體防疫股的股民衝破70萬大關；還有股民搶零股，帶動合一曾一度罕見比下台積電、鴻海，登上零股人氣王。法人認為，隨著愈來愈多生技公司搶進防疫領域， 
	                    "
0,20200528,https://udndata.com/ndapp/Story?no=1&page=1&udndbid=today&SearchString=qL6szLenqcCq0Suk6bTBPj0yMDIwMDUyOCuk6bTBPD0yMDIwMDUyOCuz%2BKdPPcFwpliz%2BHy4Z8DZpOmz%2BHzBcKZYsd%2Bz%2BHxVcGFwZXI%3D&sharepage=50&select=1&kind=2&article_date=2020-05-28&news_id=9600500,解封概念集團作帳股 帶勁,"新冠肺炎疫情趨緩，國內大規模解封在即，帶動內需回溫預期，短多昨（27）日點火壓抑已久的觀光、飯店、餐飲等疫情受害股，配合華新集團季底作帳行情啟動，化解防疫概念股拉回對多頭的信心衝擊。
疫情指揮中心宣布6月 
	                    "
1,20200528,https://udndata.com/ndapp/Story?no=2&page=1&udndbid=today&SearchString=qL6szLenqcCq0Suk6bTBPj0yMDIwMDUyOCuk6bTBPD0yMDIwMDUyOCuz%2BKdPPcFwpliz%2BHy4Z8DZpOmz%2BHzBcKZYsd%2Bz%2BHxVcGFwZXI%3D&sharepage=50&select=1&kind=2&article_date=2020-05-28&news_id=9600499,台股黑翻紅 站回萬一關,"新冠肺炎疫苗研發捷報頻傳、市場樂觀經濟重啟，激勵外資昨（27）日連二買超台股，指數漲至11,069點本波反彈新高，雖然防疫概念股漲多拉回壓抑漲勢，終場仍站穩11,000點，連二日收在年線10,998點以上。
統一投顧董事 
	                    "
